period_type,start_date,end_date,salesman_fio,chif_fio,sales_count,sales_sum,max_overcharge_item,max_overcharge_percent
month,2018-11-01,2018-12-01 00:00:00,Алексеев Никита Карлович,Касатый Ника Федотовна,1,1033326,311326,30.128536396064742
week,2018-11-19,2018-11-26 00:00:00,Алексеев Никита Карлович,Касатый Ника Федотовна,1,1033326,311326,30.128536396064742
month,2018-12-01,2019-01-01 00:00:00,Алексеев Никита Карлович,Касатый Ника Федотовна,3,2944260,702448,40.17551565731438
week,2018-12-10,2018-12-17 00:00:00,Алексеев Никита Карлович,Касатый Ника Федотовна,1,660240,203240,30.78274566824185
week,2018-12-24,2018-12-31 00:00:00,Алексеев Никита Карлович,Касатый Ника Федотовна,2,2284020,702448,40.17551565731438
month,2019-01-01,2019-02-01 00:00:00,Алексеев Никита Карлович,Касатый Ника Федотовна,5,3618611,348279,38.501778175261634
week,2019-01-08,2019-01-15 00:00:00,Алексеев Никита Карлович,Касатый Ника Федотовна,1,904579,348279,38.501778175261634
week,2019-01-15,2019-01-22 00:00:00,Алексеев Никита Карлович,Касатый Ника Федотовна,2,1463382,242928,33.49215803057375
week,2019-01-22,2019-01-29 00:00:00,Алексеев Никита Карлович,Касатый Ника Федотовна,2,1250650,246190,35.65439036046866
month,2019-03-01,2019-04-01 00:00:00,Алексеев Никита Карлович,Касатый Ника Федотовна,1,618298,68298,11.046129859711662
week,2019-03-12,2019-03-19 00:00:00,Алексеев Никита Карлович,Касатый Ника Федотовна,1,618298,68298,11.046129859711662
month,2019-04-01,2019-05-01 00:00:00,Алексеев Никита Карлович,Касатый Ника Федотовна,3,1814883,263508,27.766678468463912
week,2019-04-09,2019-04-16 00:00:00,Алексеев Никита Карлович,Касатый Ника Федотовна,1,453288,43388,9.571839536894867
week,2019-04-23,2019-04-30 00:00:00,Алексеев Никита Карлович,Касатый Ника Федотовна,1,949008,263508,27.766678468463912
week,2019-04-30,2019-05-07 00:00:00,Алексеев Никита Карлович,Касатый Ника Федотовна,2,1128965,109278,15.254237288135597
month,2019-05-01,2019-06-01 00:00:00,Алексеев Никита Карлович,Касатый Ника Федотовна,4,2524779,190950,27.536231884057973
week,2019-05-07,2019-05-14 00:00:00,Алексеев Никита Карлович,Касатый Ника Федотовна,1,693450,190950,27.536231884057973
week,2019-05-21,2019-05-28 00:00:00,Алексеев Никита Карлович,Касатый Ника Федотовна,1,522001,43101,8.25688073394495
week,2019-05-28,2019-06-04 00:00:00,Алексеев Никита Карлович,Касатый Ника Федотовна,1,592950,90450,15.254237288135597
month,2019-06-01,2019-07-01 00:00:00,Алексеев Никита Карлович,Касатый Ника Федотовна,1,47140,15460,32.79592702588035
week,2019-06-18,2019-06-25 00:00:00,Алексеев Никита Карлович,Касатый Ника Федотовна,1,47140,15460,32.79592702588035
month,2019-07-01,2019-08-01 00:00:00,Алексеев Никита Карлович,Касатый Ника Федотовна,4,2307701,224479,27.00729927007299
week,2019-07-16,2019-07-23 00:00:00,Алексеев Никита Карлович,Касатый Ника Федотовна,2,1000566,129360,23.076923076923073
week,2019-07-30,2019-08-06 00:00:00,Алексеев Никита Карлович,Касатый Ника Федотовна,3,1878295,224479,27.00729927007299
month,2019-08-01,2019-09-01 00:00:00,Алексеев Никита Карлович,Касатый Ника Федотовна,2,1481810,303550,33.333333333333336
week,2019-08-13,2019-08-20 00:00:00,Алексеев Никита Карлович,Касатый Ника Федотовна,1,910650,303550,33.333333333333336
month,2019-09-01,2019-10-01 00:00:00,Алексеев Никита Карлович,Касатый Ника Федотовна,1,718734,20934,2.9126213592232997
week,2019-10-01,2019-10-08 00:00:00,Алексеев Никита Карлович,Касатый Ника Федотовна,1,718734,20934,2.9126213592232997
month,2019-10-01,2019-11-01 00:00:00,Алексеев Никита Карлович,Касатый Ника Федотовна,4,2676993,258186,27.00729927007299
week,2019-10-08,2019-10-15 00:00:00,Алексеев Никита Карлович,Касатый Ника Федотовна,1,491940,36440,7.4074074074074066
week,2019-10-15,2019-10-22 00:00:00,Алексеев Никита Карлович,Касатый Ника Федотовна,1,582552,112752,19.354838709677423
week,2019-10-29,2019-11-05 00:00:00,Алексеев Никита Карлович,Касатый Ника Федотовна,2,1602501,258186,27.00729927007299
month,2019-11-01,2019-12-01 00:00:00,Алексеев Никита Карлович,Касатый Ника Федотовна,4,2625699,214085,31.97278911564626
week,2019-11-05,2019-11-12 00:00:00,Алексеев Никита Карлович,Касатый Ника Федотовна,2,1308865,214085,31.97278911564626
week,2019-11-19,2019-11-26 00:00:00,Алексеев Никита Карлович,Касатый Ника Федотовна,1,576660,164760,28.57142857142857
week,2019-11-26,2019-12-03 00:00:00,Алексеев Никита Карлович,Касатый Ника Федотовна,1,740174,133474,18.032786885245898
month,2019-12-01,2020-01-01 00:00:00,Алексеев Никита Карлович,Касатый Ника Федотовна,1,690864,224064,32.432432432432435
week,2019-12-03,2019-12-10 00:00:00,Алексеев Никита Карлович,Касатый Ника Федотовна,1,690864,224064,32.432432432432435
month,2020-01-01,2020-02-01 00:00:00,Алексеев Никита Карлович,Касатый Ника Федотовна,2,1660950,291650,33.333333333333336
week,2020-01-01,2020-01-08 00:00:00,Алексеев Никита Карлович,Касатый Ника Федотовна,1,874950,291650,33.333333333333336
week,2020-01-08,2020-01-15 00:00:00,Алексеев Никита Карлович,Касатый Ника Федотовна,1,786000,262000,33.333333333333336
week,2020-01-29,2020-02-05 00:00:00,Алексеев Никита Карлович,Касатый Ника Федотовна,1,974512,112112,11.504424778761058
month,2020-02-01,2020-03-01 00:00:00,Алексеев Никита Карлович,Касатый Ника Федотовна,1,974512,112112,11.504424778761058
month,2018-11-01,2018-12-01 00:00:00,Галиаскаров Харитон Ипатиевич,Коченкова Розалия Федоровна,1,787776,228776,29.040742546104482
week,2018-11-26,2018-12-03 00:00:00,Галиаскаров Харитон Ипатиевич,Коченкова Розалия Федоровна,1,787776,228776,29.040742546104482
month,2018-12-01,2019-01-01 00:00:00,Галиаскаров Харитон Ипатиевич,Коченкова Розалия Федоровна,3,1900408,244204,36.11395377726249
week,2018-12-10,2018-12-17 00:00:00,Галиаскаров Харитон Ипатиевич,Коченкова Розалия Федоровна,2,1224204,175064,23.848601756795052
week,2018-12-17,2018-12-24 00:00:00,Галиаскаров Харитон Ипатиевич,Коченкова Розалия Федоровна,1,676204,244204,36.11395377726249
month,2019-01-01,2019-02-01 00:00:00,Галиаскаров Харитон Ипатиевич,Коченкова Розалия Федоровна,1,47549,17069,35.89770552482702
week,2019-01-29,2019-02-05 00:00:00,Галиаскаров Харитон Ипатиевич,Коченкова Розалия Федоровна,1,47549,17069,35.89770552482702
month,2019-02-01,2019-03-01 00:00:00,Галиаскаров Харитон Ипатиевич,Коченкова Розалия Федоровна,3,1270039,255156,44.44444444444444
week,2019-02-26,2019-03-05 00:00:00,Галиаскаров Харитон Ипатиевич,Коченкова Розалия Федоровна,3,1270039,255156,44.44444444444444
month,2019-03-01,2019-04-01 00:00:00,Галиаскаров Харитон Ипатиевич,Коченкова Розалия Федоровна,4,1531857,141683,37.81047000382117
week,2019-03-05,2019-03-12 00:00:00,Галиаскаров Харитон Ипатиевич,Коченкова Розалия Федоровна,1,552083,141683,25.663351343910247
week,2019-03-26,2019-04-02 00:00:00,Галиаскаров Харитон Ипатиевич,Коченкова Розалия Федоровна,3,979774,57072,37.81047000382117
month,2019-04-01,2019-05-01 00:00:00,Галиаскаров Харитон Ипатиевич,Коченкова Розалия Федоровна,2,1324958,182109,23.63489589349378
week,2019-04-02,2019-04-09 00:00:00,Галиаскаров Харитон Ипатиевич,Коченкова Розалия Федоровна,1,554449,36149,6.519806149889352
week,2019-04-09,2019-04-16 00:00:00,Галиаскаров Харитон Ипатиевич,Коченкова Розалия Федоровна,1,770509,182109,23.63489589349378
month,2019-06-01,2019-07-01 00:00:00,Галиаскаров Харитон Ипатиевич,Коченкова Розалия Федоровна,3,927743,224479,33.333333333333336
week,2019-06-11,2019-06-18 00:00:00,Галиаскаров Харитон Ипатиевич,Коченкова Розалия Федоровна,1,47739,12219,25.59542512411236
week,2019-06-18,2019-06-25 00:00:00,Галиаскаров Харитон Ипатиевич,Коченкова Розалия Федоровна,2,880004,224479,33.333333333333336
month,2019-07-01,2019-08-01 00:00:00,Галиаскаров Харитон Ипатиевич,Коченкова Розалия Федоровна,3,1523049,85629,14.529914529914533
week,2019-07-02,2019-07-09 00:00:00,Галиаскаров Харитон Ипатиевич,Коченкова Розалия Федоровна,2,933720,59612,12.28070175438597
week,2019-07-16,2019-07-23 00:00:00,Галиаскаров Харитон Ипатиевич,Коченкова Розалия Федоровна,1,589329,85629,14.529914529914533
month,2019-09-01,2019-10-01 00:00:00,Галиаскаров Харитон Ипатиевич,Коченкова Розалия Федоровна,2,1124460,178524,27.536231884057973
week,2019-09-24,2019-10-01 00:00:00,Галиаскаров Харитон Ипатиевич,Коченкова Розалия Федоровна,2,1124460,178524,27.536231884057973
month,2019-10-01,2019-11-01 00:00:00,Галиаскаров Харитон Ипатиевич,Коченкова Розалия Федоровна,4,2992002,286605,33.333333333333336
week,2019-10-08,2019-10-15 00:00:00,Галиаскаров Харитон Ипатиевич,Коченкова Розалия Федоровна,2,1261047,151322,22.480620155038757
week,2019-10-15,2019-10-22 00:00:00,Галиаскаров Харитон Ипатиевич,Коченкова Розалия Федоровна,1,807450,269150,33.333333333333336
week,2019-10-29,2019-11-05 00:00:00,Галиаскаров Харитон Ипатиевич,Коченкова Розалия Федоровна,1,923505,286605,31.034482758620683
month,2019-11-01,2019-12-01 00:00:00,Галиаскаров Харитон Ипатиевич,Коченкова Розалия Федоровна,3,1130904,192618,44.44444444444444
week,2019-11-12,2019-11-19 00:00:00,Галиаскаров Харитон Ипатиевич,Коченкова Розалия Федоровна,1,59616,26496,44.44444444444444
week,2019-11-19,2019-11-26 00:00:00,Галиаскаров Харитон Ипатиевич,Коченкова Розалия Федоровна,2,1071288,192618,29.078014184397162
month,2020-01-01,2020-02-01 00:00:00,Галиаскаров Харитон Ипатиевич,Коченкова Розалия Федоровна,2,1298000,247618,31.506849315068497
week,2020-01-15,2020-01-22 00:00:00,Галиаскаров Харитон Ипатиевич,Коченкова Розалия Федоровна,1,512082,42282,8.25688073394495
week,2020-01-22,2020-01-29 00:00:00,Галиаскаров Харитон Ипатиевич,Коченкова Розалия Федоровна,1,785918,247618,31.506849315068497
week,2018-01-01,2018-01-08 00:00:00,Дуболазов Венедикт Эрнестович,Кокоткин Аркадий Анатолиевич,1,857451,349451,40.75463204311384
month,2018-11-01,2018-12-01 00:00:00,Дуболазов Венедикт Эрнестович,Кокоткин Аркадий Анатолиевич,1,664224,288224,43.39259045141398
week,2018-11-19,2018-11-26 00:00:00,Дуболазов Венедикт Эрнестович,Кокоткин Аркадий Анатолиевич,1,664224,288224,43.39259045141398
month,2018-12-01,2019-01-01 00:00:00,Дуболазов Венедикт Эрнестович,Кокоткин Аркадий Анатолиевич,2,2450819,649368,40.75463204311384
week,2018-12-17,2018-12-24 00:00:00,Дуболазов Венедикт Эрнестович,Кокоткин Аркадий Анатолиевич,1,1593368,649368,40.75442710033087
month,2019-01-01,2019-02-01 00:00:00,Дуболазов Венедикт Эрнестович,Кокоткин Аркадий Анатолиевич,1,601392,191492,31.841461143480455
week,2019-01-22,2019-01-29 00:00:00,Дуболазов Венедикт Эрнестович,Кокоткин Аркадий Анатолиевич,1,601392,191492,31.841461143480455
month,2019-02-01,2019-03-01 00:00:00,Дуболазов Венедикт Эрнестович,Кокоткин Аркадий Анатолиевич,4,1182060,213450,27.53686605697283
week,2019-02-19,2019-02-26 00:00:00,Дуболазов Венедикт Эрнестович,Кокоткин Аркадий Анатолиевич,3,134410,12586,27.53686605697283
week,2019-02-26,2019-03-05 00:00:00,Дуболазов Венедикт Эрнестович,Кокоткин Аркадий Анатолиевич,3,2322253,213450,22.30444416572599
month,2019-03-01,2019-04-01 00:00:00,Дуболазов Венедикт Эрнестович,Кокоткин Аркадий Анатолиевич,3,1754771,133375,22.30444416572599
week,2019-03-19,2019-03-26 00:00:00,Дуболазов Венедикт Эрнестович,Кокоткин Аркадий Анатолиевич,1,480168,90768,18.90338381566452
month,2019-04-01,2019-05-01 00:00:00,Дуболазов Венедикт Эрнестович,Кокоткин Аркадий Анатолиевич,4,2644296,305782,35.47017569094355
week,2019-04-02,2019-04-09 00:00:00,Дуболазов Венедикт Эрнестович,Кокоткин Аркадий Анатолиевич,1,862082,305782,35.47017569094355
week,2019-04-09,2019-04-16 00:00:00,Дуболазов Венедикт Эрнестович,Кокоткин Аркадий Анатолиевич,1,639699,157299,24.589533514981266
week,2019-04-23,2019-04-30 00:00:00,Дуболазов Венедикт Эрнестович,Кокоткин Аркадий Анатолиевич,1,469165,52065,11.097375123890318
week,2019-04-30,2019-05-07 00:00:00,Дуболазов Венедикт Эрнестович,Кокоткин Аркадий Анатолиевич,1,673350,208750,31.00170787851786
month,2019-05-01,2019-06-01 00:00:00,Дуболазов Венедикт Эрнестович,Кокоткин Аркадий Анатолиевич,4,4843768,428184,31.506849315068497
week,2019-05-07,2019-05-14 00:00:00,Дуболазов Венедикт Эрнестович,Кокоткин Аркадий Анатолиевич,2,2121904,402276,31.506849315068497
week,2019-05-14,2019-05-21 00:00:00,Дуболазов Венедикт Эрнестович,Кокоткин Аркадий Анатолиевич,1,1554984,428184,27.536231884057973
week,2019-05-28,2019-06-04 00:00:00,Дуболазов Венедикт Эрнестович,Кокоткин Аркадий Анатолиевич,1,1166880,269280,23.076923076923073
month,2019-06-01,2019-07-01 00:00:00,Дуболазов Венедикт Эрнестович,Кокоткин Аркадий Анатолиевич,3,1345910,175365,40.047519938113574
week,2019-06-11,2019-06-18 00:00:00,Дуболазов Венедикт Эрнестович,Кокоткин Аркадий Анатолиевич,1,54293,21743,40.047519938113574
week,2019-06-18,2019-06-25 00:00:00,Дуболазов Венедикт Эрнестович,Кокоткин Аркадий Анатолиевич,1,466752,17952,3.8461538461538436
week,2019-06-25,2019-07-02 00:00:00,Дуболазов Венедикт Эрнестович,Кокоткин Аркадий Анатолиевич,1,824865,175365,21.259842519685034
month,2019-08-01,2019-09-01 00:00:00,Дуболазов Венедикт Эрнестович,Кокоткин Аркадий Анатолиевич,2,1191734,154870,25.373134328358205
week,2019-08-06,2019-08-13 00:00:00,Дуболазов Венедикт Эрнестович,Кокоткин Аркадий Анатолиевич,2,1191734,154870,25.373134328358205
month,2019-11-01,2019-12-01 00:00:00,Дуболазов Венедикт Эрнестович,Кокоткин Аркадий Анатолиевич,1,763904,167104,21.875
week,2019-11-05,2019-11-12 00:00:00,Дуболазов Венедикт Эрнестович,Кокоткин Аркадий Анатолиевич,1,763904,167104,21.875
month,2019-12-01,2020-01-01 00:00:00,Дуболазов Венедикт Эрнестович,Кокоткин Аркадий Анатолиевич,4,1316410,219156,43.31046013445261
week,2019-12-03,2019-12-10 00:00:00,Дуболазов Венедикт Эрнестович,Кокоткин Аркадий Анатолиевич,2,1218760,219156,29.5774647887324
week,2019-12-10,2019-12-17 00:00:00,Дуболазов Венедикт Эрнестович,Кокоткин Аркадий Анатолиевич,1,40232,7682,19.094253330682044
week,2019-12-17,2019-12-24 00:00:00,Дуболазов Венедикт Эрнестович,Кокоткин Аркадий Анатолиевич,1,57418,24868,43.31046013445261
month,2020-01-01,2020-02-01 00:00:00,Дуболазов Венедикт Эрнестович,Кокоткин Аркадий Анатолиевич,2,1804000,296918,23.664122137404576
week,2020-01-29,2020-02-05 00:00:00,Дуболазов Венедикт Эрнестович,Кокоткин Аркадий Анатолиевич,3,2405392,296918,25.373134328358205
month,2020-02-01,2020-03-01 00:00:00,Дуболазов Венедикт Эрнестович,Кокоткин Аркадий Анатолиевич,2,1253786,176194,27.00729927007299
week,2020-02-12,2020-02-19 00:00:00,Дуболазов Венедикт Эрнестович,Кокоткин Аркадий Анатолиевич,1,652394,176194,27.00729927007299
month,2018-11-01,2018-12-01 00:00:00,Жилов Всеволод Иосифович,Коченкова Розалия Федоровна,1,824865,219865,26.65466470270893
week,2018-11-26,2018-12-03 00:00:00,Жилов Всеволод Иосифович,Коченкова Розалия Федоровна,1,824865,219865,26.65466470270893
month,2019-01-01,2019-02-01 00:00:00,Жилов Всеволод Иосифович,Коченкова Розалия Федоровна,1,1432756,320156,22.34546566198292
week,2019-01-08,2019-01-15 00:00:00,Жилов Всеволод Иосифович,Коченкова Розалия Федоровна,1,1432756,320156,22.34546566198292
month,2019-02-01,2019-03-01 00:00:00,Жилов Всеволод Иосифович,Коченкова Розалия Федоровна,1,859392,291592,33.930034256776885
week,2019-02-05,2019-02-12 00:00:00,Жилов Всеволод Иосифович,Коченкова Розалия Федоровна,1,859392,291592,33.930034256776885
month,2019-03-01,2019-04-01 00:00:00,Жилов Всеволод Иосифович,Коченкова Розалия Федоровна,2,1256962,175050,29.561766444313097
week,2019-03-19,2019-03-26 00:00:00,Жилов Всеволод Иосифович,Коченкова Розалия Федоровна,2,1256962,175050,29.561766444313097
month,2019-04-01,2019-05-01 00:00:00,Жилов Всеволод Иосифович,Коченкова Розалия Федоровна,3,1889091,267047,33.5606973403857
week,2019-04-02,2019-04-09 00:00:00,Жилов Всеволод Иосифович,Коченкова Розалия Федоровна,1,587604,197204,33.5606973403857
week,2019-04-09,2019-04-16 00:00:00,Жилов Всеволод Иосифович,Коченкова Розалия Федоровна,1,855447,267047,31.21724665584191
week,2019-04-23,2019-04-30 00:00:00,Жилов Всеволод Иосифович,Коченкова Розалия Федоровна,1,446040,81840,18.348130212536994
month,2019-05-01,2019-06-01 00:00:00,Жилов Всеволод Иосифович,Коченкова Розалия Федоровна,3,1588002,107926,20.63492063492064
week,2019-05-07,2019-05-14 00:00:00,Жилов Всеволод Иосифович,Коченкова Розалия Федоровна,1,523026,107926,20.63492063492064
week,2019-05-21,2019-05-28 00:00:00,Жилов Всеволод Иосифович,Коченкова Розалия Федоровна,2,1064976,98736,18.032786885245898
week,2019-05-28,2019-06-04 00:00:00,Жилов Всеволод Иосифович,Коченкова Розалия Федоровна,1,46481,13931,29.971386157784895
month,2019-06-01,2019-07-01 00:00:00,Жилов Всеволод Иосифович,Коченкова Розалия Федоровна,2,613159,90478,29.971386157784895
week,2019-06-04,2019-06-11 00:00:00,Жилов Всеволод Иосифович,Коченкова Розалия Федоровна,1,566678,90478,15.966386554621847
month,2019-07-01,2019-08-01 00:00:00,Жилов Всеволод Иосифович,Коченкова Розалия Федоровна,2,1246773,188496,29.5774647887324
week,2019-07-23,2019-07-30 00:00:00,Жилов Всеволод Иосифович,Коченкова Розалия Федоровна,1,609477,105777,17.355371900826444
week,2019-07-30,2019-08-06 00:00:00,Жилов Всеволод Иосифович,Коченкова Розалия Федоровна,1,637296,188496,29.5774647887324
month,2019-08-01,2019-09-01 00:00:00,Жилов Всеволод Иосифович,Коченкова Розалия Федоровна,1,42958,11278,26.253549979049307
week,2019-08-13,2019-08-20 00:00:00,Жилов Всеволод Иосифович,Коченкова Розалия Федоровна,1,42958,11278,26.253549979049307
month,2019-09-01,2019-10-01 00:00:00,Жилов Всеволод Иосифович,Коченкова Розалия Федоровна,1,550735,71835,13.043478260869568
week,2019-09-10,2019-09-17 00:00:00,Жилов Всеволод Иосифович,Коченкова Розалия Федоровна,1,550735,71835,13.043478260869568
week,2019-10-29,2019-11-05 00:00:00,Жилов Всеволод Иосифович,Коченкова Розалия Федоровна,1,540766,114966,21.259842519685034
month,2019-11-01,2019-12-01 00:00:00,Жилов Всеволод Иосифович,Коченкова Розалия Федоровна,3,1722005,159425,25.92592592592593
week,2019-11-12,2019-11-19 00:00:00,Жилов Всеволод Иосифович,Коченкова Розалия Федоровна,1,566314,140514,24.812030075187973
week,2019-11-26,2019-12-03 00:00:00,Жилов Всеволод Иосифович,Коченкова Розалия Федоровна,1,614925,159425,25.92592592592593
month,2019-12-01,2020-01-01 00:00:00,Жилов Всеволод Иосифович,Коченкова Розалия Федоровна,5,2776005,291650,33.333333333333336
week,2019-12-03,2019-12-10 00:00:00,Жилов Всеволод Иосифович,Коченкова Розалия Федоровна,4,2194749,291650,33.333333333333336
week,2019-12-24,2019-12-31 00:00:00,Жилов Всеволод Иосифович,Коченкова Розалия Федоровна,1,581256,160056,27.536231884057973
month,2020-01-01,2020-02-01 00:00:00,Жилов Всеволод Иосифович,Коченкова Розалия Федоровна,3,3226553,536636,31.506849315068497
week,2020-01-01,2020-01-08 00:00:00,Жилов Всеволод Иосифович,Коченкова Розалия Федоровна,1,764442,157742,20.63492063492064
week,2020-01-08,2020-01-15 00:00:00,Жилов Всеволод Иосифович,Коченкова Розалия Федоровна,1,758875,151775,19.999999999999996
week,2020-01-15,2020-01-22 00:00:00,Жилов Всеволод Иосифович,Коченкова Розалия Федоровна,1,1703236,536636,31.506849315068497
week,2020-01-29,2020-02-05 00:00:00,Жилов Всеволод Иосифович,Коченкова Розалия Федоровна,1,602768,5968,0.990099009900991
month,2020-02-01,2020-03-01 00:00:00,Жилов Всеволод Иосифович,Коченкова Розалия Федоровна,3,1728449,159425,25.92592592592593
week,2020-02-05,2020-02-12 00:00:00,Жилов Всеволод Иосифович,Коченкова Розалия Федоровна,2,1125681,159425,25.92592592592593
month,2018-11-01,2018-12-01 00:00:00,Касатый Ника Федотовна,Касатый Ника Федотовна,3,832672,207241,29.97145575642245
week,2018-11-19,2018-11-26 00:00:00,Касатый Ника Федотовна,Касатый Ника Федотовна,2,785377,207241,27.771323205237984
week,2018-11-26,2018-12-03 00:00:00,Касатый Ника Федотовна,Касатый Ника Федотовна,1,47295,14175,29.97145575642245
month,2018-12-01,2019-01-01 00:00:00,Касатый Ника Федотовна,Касатый Ника Федотовна,4,2599179,301476,40.44073853484217
week,2018-12-03,2018-12-10 00:00:00,Касатый Ника Федотовна,Касатый Ника Федотовна,1,523113,127113,24.299338766193923
week,2018-12-17,2018-12-24 00:00:00,Касатый Ника Федотовна,Касатый Ника Федотовна,1,579198,96198,16.6088280691577
week,2018-12-24,2018-12-31 00:00:00,Касатый Ника Федотовна,Касатый Ника Федотовна,2,1496868,301476,40.44073853484217
month,2019-02-01,2019-03-01 00:00:00,Касатый Ника Федотовна,Касатый Ника Федотовна,3,2200753,248950,34.888935603671776
week,2019-02-12,2019-02-19 00:00:00,Касатый Ника Федотовна,Касатый Ника Федотовна,1,713550,248950,34.888935603671776
week,2019-02-26,2019-03-05 00:00:00,Касатый Ника Федотовна,Касатый Ника Федотовна,2,1487203,211463,28.383996226081322
month,2019-03-01,2019-04-01 00:00:00,Касатый Ника Федотовна,Касатый Ника Федотовна,1,602768,34968,5.801236960157141
week,2019-03-12,2019-03-19 00:00:00,Касатый Ника Федотовна,Касатый Ника Федотовна,1,602768,34968,5.801236960157141
month,2019-04-01,2019-05-01 00:00:00,Касатый Ника Федотовна,Касатый Ника Федотовна,1,537675,73075,13.590923885246664
week,2019-04-16,2019-04-23 00:00:00,Касатый Ника Федотовна,Касатый Ника Федотовна,1,537675,73075,13.590923885246664
week,2019-04-30,2019-05-07 00:00:00,Касатый Ника Федотовна,Касатый Ника Федотовна,1,543683,5383,0.990099009900991
month,2019-05-01,2019-06-01 00:00:00,Касатый Ника Федотовна,Касатый Ника Федотовна,5,3271425,274151,31.97278911564626
week,2019-05-21,2019-05-28 00:00:00,Касатый Ника Федотовна,Касатый Ника Федотовна,2,1053671,170191,29.078014184397162
week,2019-05-28,2019-06-04 00:00:00,Касатый Ника Федотовна,Касатый Ника Федотовна,2,1674071,274151,31.97278911564626
month,2019-08-01,2019-09-01 00:00:00,Касатый Ника Федотовна,Касатый Ника Федотовна,1,434889,63189,14.529914529914533
week,2019-08-27,2019-09-03 00:00:00,Касатый Ника Федотовна,Касатый Ника Федотовна,1,434889,63189,14.529914529914533
month,2019-09-01,2019-10-01 00:00:00,Касатый Ника Федотовна,Касатый Ника Федотовна,2,94270,20137,37.810991982274636
week,2019-09-17,2019-09-24 00:00:00,Касатый Ника Федотовна,Касатый Ника Федотовна,1,41013,8463,20.63492063492064
week,2019-09-24,2019-10-01 00:00:00,Касатый Ника Федотовна,Касатый Ника Федотовна,1,53257,20137,37.810991982274636
month,2019-10-01,2019-11-01 00:00:00,Касатый Ника Федотовна,Касатый Ника Федотовна,2,1008435,143616,24.242424242424242
week,2019-10-15,2019-10-22 00:00:00,Касатый Ника Федотовна,Касатый Ника Федотовна,2,1008435,143616,24.242424242424242
month,2019-11-01,2019-12-01 00:00:00,Касатый Ника Федотовна,Касатый Ника Федотовна,3,1791259,187920,28.57142857142857
week,2019-11-05,2019-11-12 00:00:00,Касатый Ника Федотовна,Касатый Ника Федотовна,1,657720,187920,28.57142857142857
week,2019-11-12,2019-11-19 00:00:00,Касатый Ника Федотовна,Касатый Ника Федотовна,1,579469,100569,17.355371900826444
week,2019-11-19,2019-11-26 00:00:00,Касатый Ника Федотовна,Касатый Ника Федотовна,1,554070,50370,9.090909090909093
month,2019-12-01,2020-01-01 00:00:00,Касатый Ника Федотовна,Касатый Ника Федотовна,4,1967837,185718,44.07200391766156
week,2019-12-03,2019-12-10 00:00:00,Касатый Ника Федотовна,Касатый Ника Федотовна,1,661918,185718,28.057553956834536
week,2019-12-10,2019-12-17 00:00:00,Касатый Ника Федотовна,Касатый Ника Федотовна,2,1246700,113392,20.63492063492064
week,2019-12-17,2019-12-24 00:00:00,Касатый Ника Федотовна,Касатый Ника Федотовна,1,59219,26099,44.07200391766156
month,2020-01-01,2020-02-01 00:00:00,Касатый Ника Федотовна,Касатый Ника Федотовна,2,1185016,120600,19.354838709677423
week,2020-01-08,2020-01-15 00:00:00,Касатый Ника Федотовна,Касатый Ника Федотовна,1,623100,120600,19.354838709677423
week,2020-01-22,2020-01-29 00:00:00,Касатый Ника Федотовна,Касатый Ника Федотовна,1,561916,85716,15.254237288135597
month,2018-11-01,2018-12-01 00:00:00,Ковпака Людмила Степановна,Янушко Анастасия Антониновна,1,837360,212360,25.36065730390752
week,2018-11-19,2018-11-26 00:00:00,Ковпака Людмила Степановна,Янушко Анастасия Антониновна,1,837360,212360,25.36065730390752
month,2018-12-01,2019-01-01 00:00:00,Ковпака Людмила Степановна,Янушко Анастасия Антониновна,5,2416368,204904,31.69443986140901
week,2018-12-10,2018-12-17 00:00:00,Ковпака Людмила Степановна,Янушко Анастасия Антониновна,2,542168,117680,31.69443986140901
week,2018-12-24,2018-12-31 00:00:00,Ковпака Людмила Степановна,Янушко Анастасия Антониновна,3,1874200,204904,28.621356029768506
week,2019-01-01,2019-01-08 00:00:00,Ковпака Людмила Степановна,Янушко Анастасия Антониновна,2,1267839,191392,31.47936157054698
month,2019-01-01,2019-02-01 00:00:00,Ковпака Людмила Степановна,Янушко Анастасия Антониновна,2,1267839,191392,31.47936157054698
month,2019-02-01,2019-03-01 00:00:00,Ковпака Людмила Степановна,Янушко Анастасия Антониновна,2,1973816,264922,35.88374988093166
week,2019-02-05,2019-02-12 00:00:00,Ковпака Людмила Степановна,Янушко Анастасия Антониновна,1,608894,218494,35.88374988093166
week,2019-02-12,2019-02-19 00:00:00,Ковпака Людмила Степановна,Янушко Анастасия Антониновна,1,1364922,264922,19.40931423187552
week,2019-04-30,2019-05-07 00:00:00,Ковпака Людмила Степановна,Янушко Анастасия Антониновна,1,50296,14776,29.37808175600445
month,2019-05-01,2019-06-01 00:00:00,Ковпака Людмила Степановна,Янушко Анастасия Антониновна,2,509404,37908,29.37808175600445
week,2019-05-21,2019-05-28 00:00:00,Ковпака Людмила Степановна,Янушко Анастасия Антониновна,1,459108,37908,8.25688073394495
month,2019-06-01,2019-07-01 00:00:00,Ковпака Людмила Степановна,Янушко Анастасия Антониновна,5,3387100,252072,31.506849315068497
week,2019-06-04,2019-06-11 00:00:00,Ковпака Людмила Степановна,Янушко Анастасия Антониновна,1,507144,58344,11.504424778761058
week,2019-06-11,2019-06-18 00:00:00,Ковпака Людмила Степановна,Янушко Анастасия Антониновна,1,519476,93676,18.032786885245898
week,2019-06-18,2019-06-25 00:00:00,Ковпака Людмила Степановна,Янушко Анастасия Антониновна,1,1185672,252072,21.259842519685034
week,2019-06-25,2019-07-02 00:00:00,Ковпака Людмила Степановна,Янушко Анастасия Антониновна,2,1174808,190946,31.506849315068497
month,2019-07-01,2019-08-01 00:00:00,Ковпака Людмила Степановна,Янушко Анастасия Антониновна,6,3651285,195384,33.333333333333336
week,2019-07-09,2019-07-16 00:00:00,Ковпака Людмила Степановна,Янушко Анастасия Антониновна,1,608025,105525,17.355371900826444
week,2019-07-16,2019-07-23 00:00:00,Ковпака Людмила Степановна,Янушко Анастасия Антониновна,3,1565784,191070,33.333333333333336
week,2019-07-23,2019-07-30 00:00:00,Ковпака Людмила Степановна,Янушко Анастасия Антониновна,2,1477476,195384,21.875
week,2019-07-30,2019-08-06 00:00:00,Ковпака Людмила Степановна,Янушко Анастасия Антониновна,1,915795,266295,29.078014184397162
month,2019-08-01,2019-09-01 00:00:00,Ковпака Людмила Степановна,Янушко Анастасия Антониновна,1,915795,266295,29.078014184397162
week,2019-10-01,2019-10-08 00:00:00,Ковпака Людмила Степановна,Янушко Анастасия Антониновна,1,507384,37584,7.4074074074074066
month,2019-10-01,2019-11-01 00:00:00,Ковпака Людмила Степановна,Янушко Анастасия Антониновна,2,1429674,272790,29.5774647887324
week,2019-10-08,2019-10-15 00:00:00,Ковпака Людмила Степановна,Янушко Анастасия Антониновна,1,922290,272790,29.5774647887324
week,2019-10-29,2019-11-05 00:00:00,Ковпака Людмила Степановна,Янушко Анастасия Антониновна,1,492804,71604,14.529914529914533
month,2019-11-01,2019-12-01 00:00:00,Ковпака Людмила Степановна,Янушко Анастасия Антониновна,5,2064176,248911,44.07174634559706
week,2019-11-05,2019-11-12 00:00:00,Ковпака Людмила Степановна,Янушко Анастасия Антониновна,1,54449,21329,39.17243659204026
week,2019-11-12,2019-11-19 00:00:00,Ковпака Людмила Степановна,Янушко Анастасия Антониновна,1,547624,116424,21.259842519685034
week,2019-11-26,2019-12-03 00:00:00,Ковпака Людмила Степановна,Янушко Анастасия Антониновна,2,969299,248911,44.07174634559706
month,2019-12-01,2020-01-01 00:00:00,Ковпака Людмила Степановна,Янушко Анастасия Антониновна,1,531579,52679,9.909909909909908
week,2019-12-17,2019-12-24 00:00:00,Ковпака Людмила Степановна,Янушко Анастасия Антониновна,1,531579,52679,9.909909909909908
month,2020-01-01,2020-02-01 00:00:00,Ковпака Людмила Степановна,Янушко Анастасия Антониновна,1,709839,103139,14.529914529914533
week,2020-01-08,2020-01-15 00:00:00,Ковпака Людмила Степановна,Янушко Анастасия Антониновна,1,709839,103139,14.529914529914533
month,2020-02-01,2020-03-01 00:00:00,Ковпака Людмила Степановна,Янушко Анастасия Антониновна,1,1795832,582432,32.432432432432435
week,2020-02-05,2020-02-12 00:00:00,Ковпака Людмила Степановна,Янушко Анастасия Антониновна,1,1795832,582432,32.432432432432435
month,2018-11-01,2018-12-01 00:00:00,Кокоткин Аркадий Анатолиевич,Кокоткин Аркадий Анатолиевич,1,822564,324564,39.45759843610953
week,2018-11-12,2018-11-19 00:00:00,Кокоткин Аркадий Анатолиевич,Кокоткин Аркадий Анатолиевич,1,822564,324564,39.45759843610953
month,2018-12-01,2019-01-01 00:00:00,Кокоткин Аркадий Анатолиевич,Кокоткин Аркадий Анатолиевич,1,488592,117592,24.06752464223728
week,2018-12-03,2018-12-10 00:00:00,Кокоткин Аркадий Анатолиевич,Кокоткин Аркадий Анатолиевич,1,488592,117592,24.06752464223728
month,2019-01-01,2019-02-01 00:00:00,Кокоткин Аркадий Анатолиевич,Кокоткин Аркадий Анатолиевич,2,851099,243848,30.04356568364611
week,2019-01-15,2019-01-22 00:00:00,Кокоткин Аркадий Анатолиевич,Кокоткин Аркадий Анатолиевич,1,811648,243848,30.04356568364611
week,2019-01-29,2019-02-05 00:00:00,Кокоткин Аркадий Анатолиевич,Кокоткин Аркадий Анатолиевич,2,822610,226859,28.967170140418485
month,2019-02-01,2019-03-01 00:00:00,Кокоткин Аркадий Анатолиевич,Кокоткин Аркадий Анатолиевич,1,783159,226859,28.967170140418485
month,2019-03-01,2019-04-01 00:00:00,Кокоткин Аркадий Анатолиевич,Кокоткин Аркадий Анатолиевич,3,573870,36662,29.972596258107764
week,2019-03-05,2019-03-12 00:00:00,Кокоткин Аркадий Анатолиевич,Кокоткин Аркадий Анатолиевич,1,42185,9635,22.839871992414363
week,2019-03-12,2019-03-19 00:00:00,Кокоткин Аркадий Анатолиевич,Кокоткин Аркадий Анатолиевич,1,480962,36662,7.6226396264153955
week,2019-03-26,2019-04-02 00:00:00,Кокоткин Аркадий Анатолиевич,Кокоткин Аркадий Анатолиевич,1,50723,15203,29.972596258107764
month,2019-04-01,2019-05-01 00:00:00,Кокоткин Аркадий Анатолиевич,Кокоткин Аркадий Анатолиевич,2,1379248,149192,22.35112930192422
week,2019-04-23,2019-04-30 00:00:00,Кокоткин Аркадий Анатолиевич,Кокоткин Аркадий Анатолиевич,2,1379248,149192,22.35112930192422
week,2019-04-30,2019-05-07 00:00:00,Кокоткин Аркадий Анатолиевич,Кокоткин Аркадий Анатолиевич,1,921096,223296,24.242424242424242
month,2019-05-01,2019-06-01 00:00:00,Кокоткин Аркадий Анатолиевич,Кокоткин Аркадий Анатолиевич,6,4600508,272790,33.333333333333336
week,2019-05-07,2019-05-14 00:00:00,Кокоткин Аркадий Анатолиевич,Кокоткин Аркадий Анатолиевич,2,1436192,143232,33.333333333333336
week,2019-05-21,2019-05-28 00:00:00,Кокоткин Аркадий Анатолиевич,Кокоткин Аркадий Анатолиевич,3,2243220,272790,32.88590604026845
month,2019-06-01,2019-07-01 00:00:00,Кокоткин Аркадий Анатолиевич,Кокоткин Аркадий Анатолиевич,2,1380084,90714,11.504424778761058
week,2019-06-04,2019-06-11 00:00:00,Кокоткин Аркадий Анатолиевич,Кокоткин Аркадий Анатолиевич,1,788514,90714,11.504424778761058
week,2019-06-11,2019-06-18 00:00:00,Кокоткин Аркадий Анатолиевич,Кокоткин Аркадий Анатолиевич,1,591570,28170,4.761904761904767
month,2019-07-01,2019-08-01 00:00:00,Кокоткин Аркадий Анатолиевич,Кокоткин Аркадий Анатолиевич,3,1773230,166040,28.57142857142857
week,2019-07-02,2019-07-09 00:00:00,Кокоткин Аркадий Анатолиевич,Кокоткин Аркадий Анатолиевич,2,1192090,143670,28.16155374089605
week,2019-07-09,2019-07-16 00:00:00,Кокоткин Аркадий Анатолиевич,Кокоткин Аркадий Анатолиевич,1,581140,166040,28.57142857142857
month,2019-08-01,2019-09-01 00:00:00,Кокоткин Аркадий Анатолиевич,Кокоткин Аркадий Анатолиевич,2,701173,210936,31.97278911564626
week,2019-08-27,2019-09-03 00:00:00,Кокоткин Аркадий Анатолиевич,Кокоткин Аркадий Анатолиевич,2,701173,210936,31.97278911564626
month,2019-09-01,2019-10-01 00:00:00,Кокоткин Аркадий Анатолиевич,Кокоткин Аркадий Анатолиевич,4,3392762,291216,33.333333333333336
week,2019-09-10,2019-09-17 00:00:00,Кокоткин Аркадий Анатолиевич,Кокоткин Аркадий Анатолиевич,1,599403,95703,15.966386554621847
week,2019-09-17,2019-09-24 00:00:00,Кокоткин Аркадий Анатолиевич,Кокоткин Аркадий Анатолиевич,2,1288743,227750,33.333333333333336
week,2019-09-24,2019-10-01 00:00:00,Кокоткин Аркадий Анатолиевич,Кокоткин Аркадий Анатолиевич,1,1504616,291216,19.354838709677423
month,2019-10-01,2019-11-01 00:00:00,Кокоткин Аркадий Анатолиевич,Кокоткин Аркадий Анатолиевич,5,2683268,129582,31.69443986140901
week,2019-10-01,2019-10-08 00:00:00,Кокоткин Аркадий Анатолиевич,Кокоткин Аркадий Анатолиевич,2,1177518,95780,16.666666666666664
week,2019-10-08,2019-10-15 00:00:00,Кокоткин Аркадий Анатолиевич,Кокоткин Аркадий Анатолиевич,1,48488,15368,31.69443986140901
week,2019-10-22,2019-10-29 00:00:00,Кокоткин Аркадий Анатолиевич,Кокоткин Аркадий Анатолиевич,2,1457262,129582,18.699186991869922
month,2019-11-01,2019-12-01 00:00:00,Кокоткин Аркадий Анатолиевич,Кокоткин Аркадий Анатолиевич,3,1673460,240315,33.333333333333336
week,2019-11-05,2019-11-12 00:00:00,Кокоткин Аркадий Анатолиевич,Кокоткин Аркадий Анатолиевич,1,730365,226665,31.034482758620683
week,2019-11-19,2019-11-26 00:00:00,Кокоткин Аркадий Анатолиевич,Кокоткин Аркадий Анатолиевич,1,53280,17760,33.333333333333336
week,2019-11-26,2019-12-03 00:00:00,Кокоткин Аркадий Анатолиевич,Кокоткин Аркадий Анатолиевич,1,889815,240315,27.00729927007299
month,2019-12-01,2020-01-01 00:00:00,Кокоткин Аркадий Анатолиевич,Кокоткин Аркадий Анатолиевич,1,49018,13498,27.53682320780122
week,2019-12-17,2019-12-24 00:00:00,Кокоткин Аркадий Анатолиевич,Кокоткин Аркадий Анатолиевич,1,49018,13498,27.53682320780122
week,2020-01-29,2020-02-05 00:00:00,Кокоткин Аркадий Анатолиевич,Кокоткин Аркадий Анатолиевич,1,89056,10936,12.279913762127205
month,2020-02-01,2020-03-01 00:00:00,Кокоткин Аркадий Анатолиевич,Кокоткин Аркадий Анатолиевич,1,89056,10936,12.279913762127205
week,2018-10-29,2018-11-05 00:00:00,Косма Ефросиния Тимуровна,Янушко Анастасия Антониновна,1,38771,8291,21.384539991230554
month,2018-11-01,2018-12-01 00:00:00,Косма Ефросиния Тимуровна,Янушко Анастасия Антониновна,1,38771,8291,21.384539991230554
month,2018-12-01,2019-01-01 00:00:00,Косма Ефросиния Тимуровна,Янушко Анастасия Антониновна,2,87154,11793,24.92549616384503
week,2018-12-03,2018-12-10 00:00:00,Косма Ефросиния Тимуровна,Янушко Анастасия Антониновна,1,47313,11793,24.92549616384503
week,2018-12-17,2018-12-24 00:00:00,Косма Ефросиния Тимуровна,Янушко Анастасия Антониновна,1,39841,7291,18.300243467784437
month,2019-01-01,2019-02-01 00:00:00,Косма Ефросиния Тимуровна,Янушко Анастасия Антониновна,2,1350446,270810,35.79254834062463
week,2019-01-08,2019-01-15 00:00:00,Косма Ефросиния Тимуровна,Янушко Анастасия Антониновна,1,756610,270810,35.79254834062463
week,2019-01-22,2019-01-29 00:00:00,Косма Ефросиния Тимуровна,Янушко Анастасия Антониновна,1,593836,150836,25.400278864871783
month,2019-02-01,2019-03-01 00:00:00,Косма Ефросиния Тимуровна,Янушко Анастасия Антониновна,2,1584987,255835,29.616188276696363
week,2019-02-19,2019-02-26 00:00:00,Косма Ефросиния Тимуровна,Янушко Анастасия Антониновна,1,863835,255835,29.616188276696363
week,2019-02-26,2019-03-05 00:00:00,Косма Ефросиния Тимуровна,Янушко Анастасия Антониновна,2,1413246,199952,27.72674831380901
month,2019-03-01,2019-04-01 00:00:00,Косма Ефросиния Тимуровна,Янушко Анастасия Антониновна,1,692094,135794,19.620745158894604
month,2019-04-01,2019-05-01 00:00:00,Косма Ефросиния Тимуровна,Янушко Анастасия Антониновна,5,2025739,264025,36.23606107394064
week,2019-04-02,2019-04-09 00:00:00,Косма Ефросиния Тимуровна,Янушко Анастасия Антониновна,1,39136,8656,22.11774325429272
week,2019-04-09,2019-04-16 00:00:00,Косма Ефросиния Тимуровна,Янушко Анастасия Антониновна,1,728625,264025,36.23606107394064
week,2019-04-23,2019-04-30 00:00:00,Косма Ефросиния Тимуровна,Янушко Анастасия Антониновна,3,1257978,153400,28.775061924568867
month,2019-05-01,2019-06-01 00:00:00,Косма Ефросиния Тимуровна,Янушко Анастасия Антониновна,1,49870,14350,28.77481451774614
week,2019-05-07,2019-05-14 00:00:00,Косма Ефросиния Тимуровна,Янушко Анастасия Антониновна,1,49870,14350,28.77481451774614
month,2019-07-01,2019-08-01 00:00:00,Косма Ефросиния Тимуровна,Янушко Анастасия Антониновна,1,493928,68128,13.793103448275868
week,2019-07-23,2019-07-30 00:00:00,Косма Ефросиния Тимуровна,Янушко Анастасия Антониновна,1,493928,68128,13.793103448275868
month,2019-09-01,2019-10-01 00:00:00,Косма Ефросиния Тимуровна,Янушко Анастасия Антониновна,3,1566526,157738,27.536231884057973
week,2019-09-10,2019-09-17 00:00:00,Косма Ефросиния Тимуровна,Янушко Анастасия Антониновна,1,572838,157738,27.536231884057973
week,2019-09-24,2019-10-01 00:00:00,Косма Ефросиния Тимуровна,Янушко Анастасия Антониновна,2,993688,102192,19.354838709677423
month,2019-10-01,2019-11-01 00:00:00,Косма Ефросиния Тимуровна,Янушко Анастасия Антониновна,1,54449,21329,39.17243659204026
week,2019-10-29,2019-11-05 00:00:00,Косма Ефросиния Тимуровна,Янушко Анастасия Антониновна,1,54449,21329,39.17243659204026
month,2019-11-01,2019-12-01 00:00:00,Косма Ефросиния Тимуровна,Янушко Анастасия Антониновна,1,571440,95240,16.666666666666664
week,2019-11-19,2019-11-26 00:00:00,Косма Ефросиния Тимуровна,Янушко Анастасия Антониновна,1,571440,95240,16.666666666666664
month,2019-12-01,2020-01-01 00:00:00,Косма Ефросиния Тимуровна,Янушко Анастасия Антониновна,2,723269,77584,32.24915618287818
week,2019-12-03,2019-12-10 00:00:00,Косма Ефросиния Тимуровна,Янушко Анастасия Антониновна,1,674384,77584,11.504424778761058
week,2019-12-24,2019-12-31 00:00:00,Косма Ефросиния Тимуровна,Янушко Анастасия Антониновна,1,48885,15765,32.24915618287818
week,2020-01-01,2020-01-08 00:00:00,Косма Ефросиния Тимуровна,Янушко Анастасия Антониновна,1,569375,113875,19.999999999999996
month,2020-01-01,2020-02-01 00:00:00,Косма Ефросиния Тимуровна,Янушко Анастасия Антониновна,3,671846,113875,29.577830057610733
week,2020-01-15,2020-01-22 00:00:00,Косма Ефросиния Тимуровна,Янушко Анастасия Антониновна,1,53983,15967,29.577830057610733
week,2020-01-22,2020-01-29 00:00:00,Косма Ефросиния Тимуровна,Янушко Анастасия Антониновна,1,48488,8744,18.033327833690816
month,2020-02-01,2020-03-01 00:00:00,Косма Ефросиния Тимуровна,Янушко Анастасия Антониновна,3,2089943,182200,28.57142857142857
week,2020-02-05,2020-02-12 00:00:00,Косма Ефросиния Тимуровна,Янушко Анастасия Антониновна,2,1287473,182200,28.57142857142857
week,2020-02-12,2020-02-19 00:00:00,Косма Ефросиния Тимуровна,Янушко Анастасия Антониновна,1,802470,104670,13.043478260869568
month,2018-12-01,2019-01-01 00:00:00,Коченкова Розалия Федоровна,Коченкова Розалия Федоровна,2,2113503,290592,33.20205078379153
week,2018-12-17,2018-12-24 00:00:00,Коченкова Розалия Федоровна,Коченкова Розалия Федоровна,1,1306592,290592,22.240454556586908
week,2018-12-24,2018-12-31 00:00:00,Коченкова Розалия Федоровна,Коченкова Розалия Федоровна,1,806911,267911,33.20205078379153
month,2019-01-01,2019-02-01 00:00:00,Коченкова Розалия Федоровна,Коченкова Розалия Федоровна,2,2084710,538100,36.768111951539495
week,2019-01-15,2019-01-22 00:00:00,Коченкова Розалия Федоровна,Коченкова Розалия Федоровна,1,617410,227010,36.768111951539495
week,2019-01-29,2019-02-05 00:00:00,Коченкова Розалия Федоровна,Коченкова Розалия Федоровна,1,1467300,538100,36.67280038165338
month,2019-02-01,2019-03-01 00:00:00,Коченкова Розалия Федоровна,Коченкова Розалия Федоровна,2,1382803,169975,22.413054227789686
week,2019-02-12,2019-02-19 00:00:00,Коченкова Розалия Федоровна,Коченкова Розалия Федоровна,1,624428,106128,16.99603477102244
week,2019-02-19,2019-02-26 00:00:00,Коченкова Розалия Федоровна,Коченкова Розалия Федоровна,1,758375,169975,22.413054227789686
month,2019-03-01,2019-04-01 00:00:00,Коченкова Розалия Федоровна,Коченкова Розалия Федоровна,3,1680456,184160,30.629012407278044
week,2019-03-05,2019-03-12 00:00:00,Коченкова Розалия Федоровна,Коченкова Розалия Федоровна,1,581140,170740,29.38018377671473
week,2019-03-19,2019-03-26 00:00:00,Коченкова Розалия Федоровна,Коченкова Розалия Федоровна,2,1099316,184160,30.629012407278044
month,2019-04-01,2019-05-01 00:00:00,Коченкова Розалия Федоровна,Коченкова Розалия Федоровна,5,4400226,308014,36.637149206627086
week,2019-04-02,2019-04-09 00:00:00,Коченкова Розалия Федоровна,Коченкова Розалия Федоровна,2,2188194,308014,21.681751693281914
week,2019-04-16,2019-04-23 00:00:00,Коченкова Розалия Федоровна,Коченкова Розалия Федоровна,2,1389468,295785,34.9716535526168
week,2019-04-23,2019-04-30 00:00:00,Коченкова Розалия Федоровна,Коченкова Розалия Федоровна,1,822564,301364,36.637149206627086
month,2019-05-01,2019-06-01 00:00:00,Коченкова Розалия Федоровна,Коченкова Розалия Федоровна,1,734958,151658,20.63492063492064
week,2019-05-21,2019-05-28 00:00:00,Коченкова Розалия Федоровна,Коченкова Розалия Федоровна,1,734958,151658,20.63492063492064
month,2019-06-01,2019-07-01 00:00:00,Коченкова Розалия Федоровна,Коченкова Розалия Федоровна,1,50941,19261,37.810408119196715
week,2019-06-18,2019-06-25 00:00:00,Коченкова Розалия Федоровна,Коченкова Розалия Федоровна,1,50941,19261,37.810408119196715
month,2019-07-01,2019-08-01 00:00:00,Коченкова Розалия Федоровна,Коченкова Розалия Федоровна,1,498399,86499,17.355371900826444
week,2019-07-02,2019-07-09 00:00:00,Коченкова Розалия Федоровна,Коченкова Розалия Федоровна,1,498399,86499,17.355371900826444
month,2019-08-01,2019-09-01 00:00:00,Коченкова Розалия Федоровна,Коченкова Розалия Федоровна,2,523549,57666,41.314858381342276
week,2019-08-20,2019-08-27 00:00:00,Коченкова Розалия Федоровна,Коченкова Розалия Федоровна,1,469566,57666,12.28070175438597
week,2019-08-27,2019-09-03 00:00:00,Коченкова Розалия Федоровна,Коченкова Розалия Федоровна,1,53983,22303,41.314858381342276
month,2019-09-01,2019-10-01 00:00:00,Коченкова Розалия Федоровна,Коченкова Розалия Федоровна,1,686440,162440,23.664122137404576
week,2019-09-03,2019-09-10 00:00:00,Коченкова Розалия Федоровна,Коченкова Розалия Федоровна,1,686440,162440,23.664122137404576
month,2019-10-01,2019-11-01 00:00:00,Коченкова Розалия Федоровна,Коченкова Розалия Федоровна,5,2888935,234810,38.27160493827161
week,2019-10-08,2019-10-15 00:00:00,Коченкова Розалия Федоровна,Коченкова Розалия Федоровна,1,823584,226784,27.536231884057973
week,2019-10-15,2019-10-22 00:00:00,Коченкова Розалия Федоровна,Коченкова Розалия Федоровна,1,713328,76428,10.71428571428571
week,2019-10-22,2019-10-29 00:00:00,Коченкова Розалия Федоровна,Коченкова Розалия Федоровна,1,52731,20181,38.27160493827161
week,2019-10-29,2019-11-05 00:00:00,Коченкова Розалия Федоровна,Коченкова Розалия Федоровна,2,1299292,234810,31.506849315068497
month,2019-12-01,2020-01-01 00:00:00,Коченкова Розалия Федоровна,Коченкова Розалия Федоровна,1,745476,241776,32.432432432432435
week,2019-12-03,2019-12-10 00:00:00,Коченкова Розалия Федоровна,Коченкова Розалия Федоровна,1,745476,241776,32.432432432432435
month,2020-01-01,2020-02-01 00:00:00,Коченкова Розалия Федоровна,Коченкова Розалия Федоровна,2,1100094,90450,15.254237288135597
week,2020-01-01,2020-01-08 00:00:00,Коченкова Розалия Федоровна,Коченкова Розалия Федоровна,1,592950,90450,15.254237288135597
week,2020-01-08,2020-01-15 00:00:00,Коченкова Розалия Федоровна,Коченкова Розалия Федоровна,1,507144,58344,11.504424778761058
month,2018-11-01,2018-12-01 00:00:00,Крыжов Дмитрий Прокофиевич,Янушко Анастасия Антониновна,1,638928,231928,36.299551749179884
week,2018-11-05,2018-11-12 00:00:00,Крыжов Дмитрий Прокофиевич,Янушко Анастасия Антониновна,1,638928,231928,36.299551749179884
month,2018-12-01,2019-01-01 00:00:00,Крыжов Дмитрий Прокофиевич,Янушко Анастасия Антониновна,3,1886348,336200,37.55585344057194
week,2018-12-03,2018-12-10 00:00:00,Крыжов Дмитрий Прокофиевич,Янушко Анастасия Антониновна,1,448448,62448,13.925360353931781
week,2018-12-17,2018-12-24 00:00:00,Крыжов Дмитрий Прокофиевич,Янушко Анастасия Антониновна,1,895200,336200,37.55585344057194
week,2018-12-24,2018-12-31 00:00:00,Крыжов Дмитрий Прокофиевич,Янушко Анастасия Антониновна,1,542700,108700,20.02948221853694
month,2019-01-01,2019-02-01 00:00:00,Крыжов Дмитрий Прокофиевич,Янушко Анастасия Антониновна,4,1842662,192540,41.72515038670868
week,2019-01-01,2019-01-08 00:00:00,Крыжов Дмитрий Прокофиевич,Янушко Анастасия Антониновна,1,678340,192540,28.383996226081322
week,2019-01-15,2019-01-22 00:00:00,Крыжов Дмитрий Прокофиевич,Янушко Анастасия Антониновна,2,1108466,58607,9.29564888752351
week,2019-01-22,2019-01-29 00:00:00,Крыжов Дмитрий Прокофиевич,Янушко Анастасия Антониновна,1,55856,23306,41.72515038670868
month,2019-02-01,2019-03-01 00:00:00,Крыжов Дмитрий Прокофиевич,Янушко Анастасия Антониновна,1,59616,26496,44.44444444444444
week,2019-02-05,2019-02-12 00:00:00,Крыжов Дмитрий Прокофиевич,Янушко Анастасия Антониновна,1,59616,26496,44.44444444444444
month,2019-03-01,2019-04-01 00:00:00,Крыжов Дмитрий Прокофиевич,Янушко Анастасия Антониновна,5,2118640,227460,42.92213835177334
week,2019-03-05,2019-03-12 00:00:00,Крыжов Дмитрий Прокофиевич,Янушко Анастасия Антониновна,2,643317,174891,42.92213835177334
week,2019-03-12,2019-03-19 00:00:00,Крыжов Дмитрий Прокофиевич,Янушко Анастасия Антониновна,1,39917,8237,20.635318285442295
week,2019-03-19,2019-03-26 00:00:00,Крыжов Дмитрий Прокофиевич,Янушко Анастасия Антониновна,1,670460,227460,33.92596128031501
week,2019-03-26,2019-04-02 00:00:00,Крыжов Дмитрий Прокофиевич,Янушко Анастасия Антониновна,1,764946,208646,27.27591228661892
month,2019-04-01,2019-05-01 00:00:00,Крыжов Дмитрий Прокофиевич,Янушко Анастасия Антониновна,1,637296,227396,35.681378825537905
week,2019-04-09,2019-04-16 00:00:00,Крыжов Дмитрий Прокофиевич,Янушко Анастасия Антониновна,1,637296,227396,35.681378825537905
month,2019-05-01,2019-06-01 00:00:00,Крыжов Дмитрий Прокофиевич,Янушко Анастасия Антониновна,3,1908569,190976,29.5774647887324
week,2019-05-07,2019-05-14 00:00:00,Крыжов Дмитрий Прокофиевич,Янушко Анастасия Антониновна,1,531351,119451,22.480620155038757
week,2019-05-14,2019-05-21 00:00:00,Крыжов Дмитрий Прокофиевич,Янушко Анастасия Антониновна,1,589442,174342,29.5774647887324
week,2019-05-21,2019-05-28 00:00:00,Крыжов Дмитрий Прокофиевич,Янушко Анастасия Антониновна,1,787776,190976,24.242424242424242
month,2019-07-01,2019-08-01 00:00:00,Крыжов Дмитрий Прокофиевич,Янушко Анастасия Антониновна,4,2014273,262485,31.034482758620683
week,2019-07-02,2019-07-09 00:00:00,Крыжов Дмитрий Прокофиевич,Янушко Анастасия Антониновна,1,540270,70470,13.043478260869568
week,2019-07-09,2019-07-16 00:00:00,Крыжов Дмитрий Прокофиевич,Янушко Анастасия Антониновна,1,547624,116424,21.259842519685034
week,2019-07-16,2019-07-23 00:00:00,Крыжов Дмитрий Прокофиевич,Янушко Анастасия Антониновна,1,80594,17234,21.383725835670152
week,2019-07-23,2019-07-30 00:00:00,Крыжов Дмитрий Прокофиевич,Янушко Анастасия Антониновна,1,845785,262485,31.034482758620683
month,2019-08-01,2019-09-01 00:00:00,Крыжов Дмитрий Прокофиевич,Янушко Анастасия Антониновна,2,2340154,303350,19.999999999999996
week,2019-08-13,2019-08-20 00:00:00,Крыжов Дмитрий Прокофиевич,Янушко Анастасия Антониновна,1,1516750,303350,19.999999999999996
week,2019-08-20,2019-08-27 00:00:00,Крыжов Дмитрий Прокофиевич,Янушко Анастасия Антониновна,1,823404,125604,15.254237288135597
month,2019-09-01,2019-10-01 00:00:00,Крыжов Дмитрий Прокофиевич,Янушко Анастасия Антониновна,3,1754660,231702,42.92200421598833
week,2019-09-03,2019-09-10 00:00:00,Крыжов Дмитрий Прокофиевич,Янушко Анастасия Антониновна,1,1239102,231702,18.699186991869922
week,2019-09-17,2019-09-24 00:00:00,Крыжов Дмитрий Прокофиевич,Янушко Анастасия Антониновна,1,460055,4555,0.990099009900991
week,2019-09-24,2019-10-01 00:00:00,Крыжов Дмитрий Прокофиевич,Янушко Анастасия Антониновна,1,55503,23823,42.92200421598833
week,2019-10-01,2019-10-08 00:00:00,Крыжов Дмитрий Прокофиевич,Янушко Анастасия Антониновна,1,644736,141036,21.875
month,2019-10-01,2019-11-01 00:00:00,Крыжов Дмитрий Прокофиевич,Янушко Анастасия Антониновна,2,1209039,152403,27.00729927007299
week,2019-10-22,2019-10-29 00:00:00,Крыжов Дмитрий Прокофиевич,Янушко Анастасия Антониновна,1,564303,152403,27.00729927007299
week,2019-10-29,2019-11-05 00:00:00,Крыжов Дмитрий Прокофиевич,Янушко Анастасия Антониновна,1,712640,188640,26.470588235294112
month,2019-11-01,2019-12-01 00:00:00,Крыжов Дмитрий Прокофиевич,Янушко Анастасия Антониновна,3,1956121,252072,43.69388849487103
week,2019-11-05,2019-11-12 00:00:00,Крыжов Дмитрий Прокофиевич,Янушко Анастасия Антониновна,1,1185672,252072,21.259842519685034
week,2019-11-12,2019-11-19 00:00:00,Крыжов Дмитрий Прокофиевич,Янушко Анастасия Антониновна,1,57809,25259,43.69388849487103
week,2019-11-26,2019-12-03 00:00:00,Крыжов Дмитрий Прокофиевич,Янушко Анастасия Антониновна,1,522001,43101,8.25688073394495
month,2019-12-01,2020-01-01 00:00:00,Крыжов Дмитрий Прокофиевич,Янушко Анастасия Антониновна,8,5311016,453568,35.40099100752432
week,2019-12-03,2019-12-10 00:00:00,Крыжов Дмитрий Прокофиевич,Янушко Анастасия Антониновна,4,2698804,229932,29.5774647887324
week,2019-12-10,2019-12-17 00:00:00,Крыжов Дмитрий Прокофиевич,Янушко Анастасия Антониновна,1,1647168,453568,27.536231884057973
week,2019-12-17,2019-12-24 00:00:00,Крыжов Дмитрий Прокофиевич,Янушко Анастасия Антониновна,1,394002,22302,5.660377358490565
week,2019-12-24,2019-12-31 00:00:00,Крыжов Дмитрий Прокофиевич,Янушко Анастасия Антониновна,1,49041,17361,35.40099100752432
month,2020-01-01,2020-02-01 00:00:00,Крыжов Дмитрий Прокофиевич,Янушко Анастасия Антониновна,1,457776,8976,1.9607843137254943
week,2020-01-29,2020-02-05 00:00:00,Крыжов Дмитрий Прокофиевич,Янушко Анастасия Антониновна,1,457776,8976,1.9607843137254943
week,2018-10-29,2018-11-05 00:00:00,Лашкина Инесса Святославовна,Коченкова Розалия Федоровна,1,592836,178836,30.16618423982349
month,2018-11-01,2018-12-01 00:00:00,Лашкина Инесса Святославовна,Коченкова Розалия Федоровна,5,2473620,283606,41.066251958424914
week,2018-11-05,2018-11-12 00:00:00,Лашкина Инесса Святославовна,Коченкова Розалия Федоровна,1,518994,122994,23.698539867512924
week,2018-11-19,2018-11-26 00:00:00,Лашкина Инесса Святославовна,Коченкова Розалия Федоровна,2,1323751,283606,41.066251958424914
week,2018-11-26,2018-12-03 00:00:00,Лашкина Инесса Святославовна,Коченкова Розалия Федоровна,1,38039,7559,19.871710612792135
month,2019-01-01,2019-02-01 00:00:00,Лашкина Инесса Святославовна,Коченкова Розалия Федоровна,4,1346764,142920,32.24978614200171
week,2019-01-01,2019-01-08 00:00:00,Лашкина Инесса Святославовна,Коченкова Розалия Федоровна,2,692564,142920,32.24960452918159
week,2019-01-08,2019-01-15 00:00:00,Лашкина Инесса Святославовна,Коченкова Розалия Федоровна,1,93520,30160,32.24978614200171
week,2019-01-22,2019-01-29 00:00:00,Лашкина Инесса Святославовна,Коченкова Розалия Федоровна,1,560680,59080,10.537204822715275
month,2019-02-01,2019-03-01 00:00:00,Лашкина Инесса Святославовна,Коченкова Розалия Федоровна,1,663300,198700,29.95627921001055
week,2019-02-26,2019-03-05 00:00:00,Лашкина Инесса Святославовна,Коченкова Розалия Федоровна,2,1301876,198700,29.95627921001055
month,2019-03-01,2019-04-01 00:00:00,Лашкина Инесса Святославовна,Коченкова Розалия Федоровна,1,638576,70776,11.08341058855955
month,2019-04-01,2019-05-01 00:00:00,Лашкина Инесса Святославовна,Коченкова Розалия Федоровна,4,1956253,179522,30.555251101514724
week,2019-04-02,2019-04-09 00:00:00,Лашкина Инесса Святославовна,Коченкова Розалия Федоровна,1,583040,165940,28.461169045005484
week,2019-04-09,2019-04-16 00:00:00,Лашкина Инесса Святославовна,Коченкова Розалия Федоровна,1,45619,13939,30.555251101514724
week,2019-04-16,2019-04-23 00:00:00,Лашкина Инесса Святославовна,Коченкова Розалия Федоровна,1,703772,115372,16.393377400635433
week,2019-04-23,2019-04-30 00:00:00,Лашкина Инесса Святославовна,Коченкова Розалия Федоровна,1,623822,179522,28.777760322656142
month,2019-05-01,2019-06-01 00:00:00,Лашкина Инесса Святославовна,Коченкова Розалия Федоровна,1,480168,58968,12.28070175438597
week,2019-05-28,2019-06-04 00:00:00,Лашкина Инесса Святославовна,Коченкова Розалия Федоровна,1,480168,58968,12.28070175438597
month,2019-07-01,2019-08-01 00:00:00,Лашкина Инесса Святославовна,Коченкова Розалия Федоровна,3,1698889,72880,33.86213830856888
week,2019-07-16,2019-07-23 00:00:00,Лашкина Инесса Святославовна,Коченкова Розалия Федоровна,1,983880,72880,7.4074074074074066
week,2019-07-23,2019-07-30 00:00:00,Лашкина Инесса Святославовна,Коченкова Розалия Федоровна,2,715009,54603,33.86213830856888
month,2019-09-01,2019-10-01 00:00:00,Лашкина Инесса Святославовна,Коченкова Розалия Федоровна,4,1823316,111648,44.44444444444444
week,2019-09-10,2019-09-17 00:00:00,Лашкина Инесса Святославовна,Коченкова Розалия Федоровна,2,561108,90618,44.44444444444444
week,2019-09-24,2019-10-01 00:00:00,Лашкина Инесса Святославовна,Коченкова Розалия Федоровна,1,809448,111648,13.793103448275868
month,2019-10-01,2019-11-01 00:00:00,Лашкина Инесса Святославовна,Коченкова Розалия Федоровна,5,3274363,232752,28.057553956834536
week,2019-10-01,2019-10-08 00:00:00,Лашкина Инесса Святославовна,Коченкова Розалия Федоровна,2,917385,92925,19.999999999999996
week,2019-10-08,2019-10-15 00:00:00,Лашкина Инесса Святославовна,Коченкова Розалия Федоровна,2,1556992,232752,28.057553956834536
week,2019-10-22,2019-10-29 00:00:00,Лашкина Инесса Святославовна,Коченкова Розалия Федоровна,1,777018,140118,18.032786885245898
week,2019-10-29,2019-11-05 00:00:00,Лашкина Инесса Святославовна,Коченкова Розалия Федоровна,1,475728,26928,5.660377358490565
month,2019-11-01,2019-12-01 00:00:00,Лашкина Инесса Святославовна,Коченкова Розалия Федоровна,5,4014479,125232,18.699186991869922
week,2019-11-12,2019-11-19 00:00:00,Лашкина Инесса Святославовна,Коченкова Розалия Федоровна,1,1168832,125232,10.71428571428571
week,2019-11-19,2019-11-26 00:00:00,Лашкина Инесса Святославовна,Коченкова Розалия Федоровна,3,2339010,76428,10.71428571428571
week,2019-11-26,2019-12-03 00:00:00,Лашкина Инесса Святославовна,Коченкова Розалия Федоровна,1,506637,94737,18.699186991869922
month,2019-12-01,2020-01-01 00:00:00,Лашкина Инесса Святославовна,Коченкова Розалия Федоровна,4,2008468,205392,38.72595158314822
week,2019-12-03,2019-12-10 00:00:00,Лашкина Инесса Святославовна,Коченкова Розалия Федоровна,1,584898,172998,29.5774647887324
week,2019-12-10,2019-12-17 00:00:00,Лашкина Инесса Святославовна,Коченкова Розалия Федоровна,1,672192,205392,30.555555555555557
week,2019-12-17,2019-12-24 00:00:00,Лашкина Инесса Святославовна,Коченкова Розалия Федоровна,1,53122,20572,38.72595158314822
week,2019-12-24,2019-12-31 00:00:00,Лашкина Инесса Святославовна,Коченкова Розалия Федоровна,1,698256,101456,14.529914529914533
month,2020-01-01,2020-02-01 00:00:00,Лашкина Инесса Святославовна,Коченкова Розалия Федоровна,1,682461,99161,14.529914529914533
week,2020-01-22,2020-01-29 00:00:00,Лашкина Инесса Святославовна,Коченкова Розалия Федоровна,1,682461,99161,14.529914529914533
month,2018-11-01,2018-12-01 00:00:00,Пряхина Александра Мефодиевна,Коченкова Розалия Федоровна,1,695252,263252,37.86425641350186
week,2018-11-05,2018-11-12 00:00:00,Пряхина Александра Мефодиевна,Коченкова Розалия Федоровна,1,695252,263252,37.86425641350186
month,2018-12-01,2019-01-01 00:00:00,Пряхина Александра Мефодиевна,Коченкова Розалия Федоровна,1,95830,34870,36.38735260356882
week,2018-12-10,2018-12-17 00:00:00,Пряхина Александра Мефодиевна,Коченкова Розалия Федоровна,1,95830,34870,36.38735260356882
month,2019-01-01,2019-02-01 00:00:00,Пряхина Александра Мефодиевна,Коченкова Розалия Федоровна,1,570572,180172,31.577434574427066
week,2019-01-08,2019-01-15 00:00:00,Пряхина Александра Мефодиевна,Коченкова Розалия Федоровна,1,570572,180172,31.577434574427066
month,2019-02-01,2019-03-01 00:00:00,Пряхина Александра Мефодиевна,Коченкова Розалия Федоровна,2,1376205,248846,29.721969409229786
week,2019-02-19,2019-02-26 00:00:00,Пряхина Александра Мефодиевна,Коченкова Розалия Федоровна,1,837246,248846,29.721969409229786
week,2019-02-26,2019-03-05 00:00:00,Пряхина Александра Мефодиевна,Коченкова Розалия Федоровна,1,538959,56559,10.49411921871608
month,2019-03-01,2019-04-01 00:00:00,Пряхина Александра Мефодиевна,Коченкова Розалия Федоровна,1,544968,107668,19.756756360006456
week,2019-03-19,2019-03-26 00:00:00,Пряхина Александра Мефодиевна,Коченкова Розалия Федоровна,1,544968,107668,19.756756360006456
month,2019-04-01,2019-05-01 00:00:00,Пряхина Александра Мефодиевна,Коченкова Розалия Федоровна,1,1747296,570496,32.65022068384521
week,2019-04-02,2019-04-09 00:00:00,Пряхина Александра Мефодиевна,Коченкова Розалия Федоровна,1,1747296,570496,32.65022068384521
week,2019-04-30,2019-05-07 00:00:00,Пряхина Александра Мефодиевна,Коченкова Розалия Федоровна,1,758375,151675,19.999999999999996
month,2019-05-01,2019-06-01 00:00:00,Пряхина Александра Мефодиевна,Коченкова Розалия Федоровна,5,3006392,279082,31.506849315068497
week,2019-05-07,2019-05-14 00:00:00,Пряхина Александра Мефодиевна,Коченкова Розалия Федоровна,1,707400,183400,25.92592592592593
week,2019-05-21,2019-05-28 00:00:00,Пряхина Александра Мефодиевна,Коченкова Розалия Федоровна,2,654835,88706,19.871867174987024
week,2019-05-28,2019-06-04 00:00:00,Пряхина Александра Мефодиевна,Коченкова Розалия Федоровна,1,885782,279082,31.506849315068497
month,2019-06-01,2019-07-01 00:00:00,Пряхина Александра Мефодиевна,Коченкова Розалия Федоровна,6,1798015,157146,37.34301141195784
week,2019-06-04,2019-06-11 00:00:00,Пряхина Александра Мефодиевна,Коченкова Розалия Федоровна,2,92759,18881,37.34301141195784
week,2019-06-11,2019-06-18 00:00:00,Пряхина Александра Мефодиевна,Коченкова Розалия Федоровна,2,565208,18776,23.54770743453396
week,2019-06-25,2019-07-02 00:00:00,Пряхина Александра Мефодиевна,Коченкова Розалия Федоровна,2,1140048,157146,24.812030075187973
month,2019-07-01,2019-08-01 00:00:00,Пряхина Александра Мефодиевна,Коченкова Розалия Федоровна,2,656984,150315,36.387265727295826
week,2019-07-23,2019-07-30 00:00:00,Пряхина Александра Мефодиевна,Коченкова Розалия Федоровна,2,656984,150315,36.387265727295826
month,2019-08-01,2019-09-01 00:00:00,Пряхина Александра Мефодиевна,Коченкова Розалия Федоровна,1,1821534,547734,30.069930069930074
week,2019-08-27,2019-09-03 00:00:00,Пряхина Александра Мефодиевна,Коченкова Розалия Федоровна,2,1877798,547734,36.86904592634722
month,2019-09-01,2019-10-01 00:00:00,Пряхина Александра Мефодиевна,Коченкова Розалия Федоровна,4,1557097,174990,43.31095281492365
week,2019-09-03,2019-09-10 00:00:00,Пряхина Александра Мефодиевна,Коченкова Розалия Федоровна,1,758290,174990,23.076923076923073
week,2019-09-10,2019-09-17 00:00:00,Пряхина Александра Мефодиевна,Коченкова Розалия Федоровна,1,688776,166976,24.242424242424242
week,2019-09-24,2019-10-01 00:00:00,Пряхина Александра Мефодиевна,Коченкова Розалия Федоровна,1,53767,23287,43.31095281492365
month,2019-10-01,2019-11-01 00:00:00,Пряхина Александра Мефодиевна,Коченкова Розалия Федоровна,4,3118644,228732,32.88590604026845
week,2019-10-01,2019-10-08 00:00:00,Пряхина Александра Мефодиевна,Коченкова Розалия Федоровна,1,777492,214092,27.536231884057973
week,2019-10-15,2019-10-22 00:00:00,Пряхина Александра Мефодиевна,Коченкова Розалия Федоровна,2,1272192,228732,32.88590604026845
week,2019-10-29,2019-11-05 00:00:00,Пряхина Александра Мефодиевна,Коченкова Розалия Федоровна,2,1677163,129303,21.259842519685034
month,2019-11-01,2019-12-01 00:00:00,Пряхина Александра Мефодиевна,Коченкова Розалия Федоровна,3,1912051,208880,25.92592592592593
week,2019-11-19,2019-11-26 00:00:00,Пряхина Александра Мефодиевна,Коченкова Розалия Федоровна,1,805680,208880,25.92592592592593
week,2019-11-26,2019-12-03 00:00:00,Пряхина Александра Мефодиевна,Коченкова Розалия Федоровна,1,498168,49368,9.909909909909908
month,2019-12-01,2020-01-01 00:00:00,Пряхина Александра Мефодиевна,Коченкова Розалия Федоровна,1,514296,38096,7.4074074074074066
week,2019-12-17,2019-12-24 00:00:00,Пряхина Александра Мефодиевна,Коченкова Розалия Федоровна,1,514296,38096,7.4074074074074066
month,2020-01-01,2020-02-01 00:00:00,Пряхина Александра Мефодиевна,Коченкова Розалия Федоровна,1,457191,85491,18.699186991869922
week,2020-01-22,2020-01-29 00:00:00,Пряхина Александра Мефодиевна,Коченкова Розалия Федоровна,1,457191,85491,18.699186991869922
month,2020-02-01,2020-03-01 00:00:00,Пряхина Александра Мефодиевна,Коченкова Розалия Федоровна,1,619060,142860,23.076923076923073
week,2020-02-12,2020-02-19 00:00:00,Пряхина Александра Мефодиевна,Коченкова Розалия Федоровна,1,619060,142860,23.076923076923073
month,2018-11-01,2018-12-01 00:00:00,Путина Юлия Петровна,Янушко Анастасия Антониновна,2,589228,161045,35.40046203081618
week,2018-11-26,2018-12-03 00:00:00,Путина Юлия Петровна,Янушко Анастасия Антониновна,2,589228,161045,35.40046203081618
month,2018-12-01,2019-01-01 00:00:00,Путина Юлия Петровна,Янушко Анастасия Антониновна,2,1297268,335450,41.54436807232646
week,2018-12-10,2018-12-17 00:00:00,Путина Юлия Петровна,Янушко Анастасия Антониновна,1,807450,335450,41.54436807232646
week,2018-12-17,2018-12-24 00:00:00,Путина Юлия Петровна,Янушко Анастасия Антониновна,1,489818,93818,19.153644823179217
month,2019-01-01,2019-02-01 00:00:00,Путина Юлия Петровна,Янушко Анастасия Антониновна,3,2554019,233756,30.9628640609519
week,2019-01-15,2019-01-22 00:00:00,Путина Юлия Петровна,Янушко Анастасия Антониновна,1,754956,233756,30.9628640609519
week,2019-01-22,2019-01-29 00:00:00,Путина Юлия Петровна,Янушко Анастасия Антониновна,2,1799063,178291,24.270784695156898
week,2019-01-29,2019-02-05 00:00:00,Путина Юлия Петровна,Янушко Анастасия Антониновна,1,641630,91630,14.280816046631239
month,2019-02-01,2019-03-01 00:00:00,Путина Юлия Петровна,Янушко Анастасия Антониновна,1,641630,91630,14.280816046631239
month,2019-03-01,2019-04-01 00:00:00,Путина Юлия Петровна,Янушко Анастасия Антониновна,1,564820,147720,26.15346482065083
week,2019-03-19,2019-03-26 00:00:00,Путина Юлия Петровна,Янушко Анастасия Антониновна,1,564820,147720,26.15346482065083
month,2019-04-01,2019-05-01 00:00:00,Путина Юлия Петровна,Янушко Анастасия Антониновна,2,1425600,217832,32.84379259725281
week,2019-04-02,2019-04-09 00:00:00,Путина Юлия Петровна,Янушко Анастасия Антониновна,1,610368,200468,32.84379259725281
week,2019-04-23,2019-04-30 00:00:00,Путина Юлия Петровна,Янушко Анастасия Антониновна,1,815232,217832,26.72024650651593
month,2019-05-01,2019-06-01 00:00:00,Путина Юлия Петровна,Янушко Анастасия Антониновна,1,627359,148459,23.664122137404576
week,2019-05-07,2019-05-14 00:00:00,Путина Юлия Петровна,Янушко Анастасия Антониновна,1,627359,148459,23.664122137404576
month,2019-06-01,2019-07-01 00:00:00,Путина Юлия Петровна,Янушко Анастасия Антониновна,1,629964,46664,7.4074074074074066
week,2019-06-25,2019-07-02 00:00:00,Путина Юлия Петровна,Янушко Анастасия Антониновна,1,629964,46664,7.4074074074074066
month,2019-07-01,2019-08-01 00:00:00,Путина Юлия Петровна,Янушко Анастасия Антониновна,2,1350715,136395,19.354838709677423
week,2019-07-16,2019-07-23 00:00:00,Путина Юлия Петровна,Янушко Анастасия Антониновна,2,1350715,136395,19.354838709677423
week,2019-08-27,2019-09-03 00:00:00,Путина Юлия Петровна,Янушко Анастасия Антониновна,1,570598,32298,5.660377358490565
month,2019-09-01,2019-10-01 00:00:00,Путина Юлия Петровна,Янушко Анастасия Антониновна,1,570598,32298,5.660377358490565
week,2019-10-01,2019-10-08 00:00:00,Путина Юлия Петровна,Янушко Анастасия Антониновна,2,821131,129900,20.634540269823397
month,2019-10-01,2019-11-01 00:00:00,Путина Юлия Петровна,Янушко Анастасия Антониновна,4,2055767,190946,31.506849315068497
week,2019-10-15,2019-10-22 00:00:00,Путина Юлия Петровна,Янушко Анастасия Антониновна,1,628590,173090,27.536231884057973
week,2019-10-29,2019-11-05 00:00:00,Путина Юлия Петровна,Янушко Анастасия Антониновна,1,606046,190946,31.506849315068497
month,2019-11-01,2019-12-01 00:00:00,Путина Юлия Петровна,Янушко Анастасия Антониновна,3,1242074,211288,32.88590604026845
week,2019-11-05,2019-11-12 00:00:00,Путина Юлия Петровна,Янушко Анастасия Антониновна,2,599586,125048,26.900179980617466
week,2019-11-12,2019-11-19 00:00:00,Путина Юлия Петровна,Янушко Анастасия Антониновна,1,642488,211288,32.88590604026845
week,2019-11-26,2019-12-03 00:00:00,Путина Юлия Петровна,Янушко Анастасия Антониновна,1,1306500,301500,23.076923076923073
month,2019-12-01,2020-01-01 00:00:00,Путина Юлия Петровна,Янушко Анастасия Антониновна,2,1858583,301500,24.812030075187973
week,2019-12-17,2019-12-24 00:00:00,Путина Юлия Петровна,Янушко Анастасия Антониновна,1,552083,136983,24.812030075187973
month,2020-01-01,2020-02-01 00:00:00,Путина Юлия Петровна,Янушко Анастасия Антониновна,2,664949,193752,31.506849315068497
week,2020-01-08,2020-01-15 00:00:00,Путина Юлия Петровна,Янушко Анастасия Антониновна,2,664949,193752,31.506849315068497
month,2018-11-01,2018-12-01 00:00:00,Розенбаха Агния Давидовна,Касатый Ника Федотовна,1,910767,335767,36.866399419390476
week,2018-11-26,2018-12-03 00:00:00,Розенбаха Агния Давидовна,Касатый Ника Федотовна,1,910767,335767,36.866399419390476
month,2019-01-01,2019-02-01 00:00:00,Розенбаха Агния Давидовна,Касатый Ника Федотовна,1,468342,104142,22.23631448813047
week,2019-01-22,2019-01-29 00:00:00,Розенбаха Агния Давидовна,Касатый Ника Федотовна,1,468342,104142,22.23631448813047
month,2019-02-01,2019-03-01 00:00:00,Розенбаха Агния Давидовна,Касатый Ника Федотовна,1,56039,22919,40.89830296757615
week,2019-02-12,2019-02-19 00:00:00,Розенбаха Агния Давидовна,Касатый Ника Федотовна,1,56039,22919,40.89830296757615
month,2019-03-01,2019-04-01 00:00:00,Розенбаха Агния Давидовна,Касатый Ника Федотовна,2,1170324,132344,20.250205035927195
week,2019-03-05,2019-03-12 00:00:00,Розенбаха Агния Давидовна,Касатый Ника Федотовна,1,653544,132344,20.250205035927195
week,2019-03-12,2019-03-19 00:00:00,Розенбаха Агния Давидовна,Касатый Ника Федотовна,1,516780,79480,15.379852161461361
month,2019-04-01,2019-05-01 00:00:00,Розенбаха Агния Давидовна,Касатый Ника Федотовна,4,1982258,273001,43.31046013445261
week,2019-04-09,2019-04-16 00:00:00,Розенбаха Агния Давидовна,Касатый Ника Федотовна,2,1345371,273001,34.500272336317025
week,2019-04-16,2019-04-23 00:00:00,Розенбаха Агния Давидовна,Касатый Ника Федотовна,1,579469,136469,23.55069900201736
week,2019-04-23,2019-04-30 00:00:00,Розенбаха Агния Давидовна,Касатый Ника Федотовна,1,57418,24868,43.31046013445261
month,2019-06-01,2019-07-01 00:00:00,Розенбаха Агния Давидовна,Касатый Ника Федотовна,3,1784987,273015,31.034482758620683
week,2019-06-11,2019-06-18 00:00:00,Розенбаха Агния Давидовна,Касатый Ника Федотовна,1,41437,9757,23.54658879745155
week,2019-06-18,2019-06-25 00:00:00,Розенбаха Агния Давидовна,Касатый Ника Федотовна,1,863835,214335,24.812030075187973
week,2019-06-25,2019-07-02 00:00:00,Розенбаха Агния Давидовна,Касатый Ника Федотовна,1,879715,273015,31.034482758620683
month,2019-07-01,2019-08-01 00:00:00,Розенбаха Агния Давидовна,Касатый Ника Федотовна,4,2372913,215505,31.034482758620683
week,2019-07-16,2019-07-23 00:00:00,Розенбаха Агния Давидовна,Касатый Ника Федотовна,3,1760146,215505,31.034482758620683
week,2019-07-23,2019-07-30 00:00:00,Розенбаха Агния Давидовна,Касатый Ника Федотовна,1,612767,6067,0.990099009900991
week,2019-07-30,2019-08-06 00:00:00,Розенбаха Агния Давидовна,Касатый Ника Федотовна,1,681714,118314,17.355371900826444
month,2019-08-01,2019-09-01 00:00:00,Розенбаха Агния Давидовна,Касатый Ника Федотовна,3,3348939,596800,33.333333333333336
week,2019-08-13,2019-08-20 00:00:00,Розенбаха Агния Давидовна,Касатый Ника Федотовна,1,876825,227325,25.92592592592593
week,2019-08-20,2019-08-27 00:00:00,Розенбаха Агния Давидовна,Касатый Ника Федотовна,1,1790400,596800,33.333333333333336
month,2019-09-01,2019-10-01 00:00:00,Розенбаха Агния Давидовна,Касатый Ника Федотовна,2,1298854,207550,33.333333333333336
week,2019-09-17,2019-09-24 00:00:00,Розенбаха Агния Давидовна,Касатый Ника Федотовна,1,676204,200004,29.5774647887324
week,2019-09-24,2019-10-01 00:00:00,Розенбаха Агния Давидовна,Касатый Ника Федотовна,1,622650,207550,33.333333333333336
month,2019-10-01,2019-11-01 00:00:00,Розенбаха Агния Давидовна,Касатый Ника Федотовна,1,761828,240028,31.506849315068497
week,2019-10-01,2019-10-08 00:00:00,Розенбаха Агния Давидовна,Касатый Ника Федотовна,1,761828,240028,31.506849315068497
month,2019-12-01,2020-01-01 00:00:00,Розенбаха Агния Давидовна,Касатый Ника Федотовна,2,692127,42469,26.253549979049307
week,2019-12-24,2019-12-31 00:00:00,Розенбаха Агния Давидовна,Касатый Ника Федотовна,2,692127,42469,26.253549979049307
month,2020-01-01,2020-02-01 00:00:00,Розенбаха Агния Давидовна,Касатый Ника Федотовна,1,527484,60684,11.504424778761058
week,2020-01-08,2020-01-15 00:00:00,Розенбаха Агния Давидовна,Касатый Ника Федотовна,1,527484,60684,11.504424778761058
month,2018-11-01,2018-12-01 00:00:00,Румянцева Варвара Всеволодовна,Кокоткин Аркадий Анатолиевич,3,1779114,241946,31.629160751216425
week,2018-11-05,2018-11-12 00:00:00,Румянцева Варвара Всеволодовна,Кокоткин Аркадий Анатолиевич,2,1256514,241946,31.629160751216425
week,2018-11-12,2018-11-19 00:00:00,Румянцева Варвара Всеволодовна,Кокоткин Аркадий Анатолиевич,1,522600,88600,16.953693073096055
month,2018-12-01,2019-01-01 00:00:00,Румянцева Варвара Всеволодовна,Кокоткин Аркадий Анатолиевич,2,1599320,637040,41.071796987827526
week,2018-12-17,2018-12-24 00:00:00,Румянцева Варвара Всеволодовна,Кокоткин Аркадий Анатолиевич,1,1551040,637040,41.071796987827526
week,2018-12-24,2018-12-31 00:00:00,Румянцева Варвара Всеволодовна,Кокоткин Аркадий Анатолиевич,1,48280,17800,36.86826843413422
month,2019-01-01,2019-02-01 00:00:00,Румянцева Варвара Всеволодовна,Кокоткин Аркадий Анатолиевич,4,4208328,289952,34.52006781339886
week,2019-01-08,2019-01-15 00:00:00,Румянцева Варвара Всеволодовна,Кокоткин Аркадий Анатолиевич,1,839952,289952,34.52006781339886
week,2019-01-15,2019-01-22 00:00:00,Румянцева Варвара Всеволодовна,Кокоткин Аркадий Анатолиевич,2,2763088,270284,21.76402949067707
week,2019-01-22,2019-01-29 00:00:00,Румянцева Варвара Всеволодовна,Кокоткин Аркадий Анатолиевич,1,605288,119488,19.74068542578079
month,2019-03-01,2019-04-01 00:00:00,Румянцева Варвара Всеволодовна,Кокоткин Аркадий Анатолиевич,1,1238120,349520,28.229896940522725
week,2019-03-19,2019-03-26 00:00:00,Румянцева Варвара Всеволодовна,Кокоткин Аркадий Анатолиевич,1,1238120,349520,28.229896940522725
month,2019-04-01,2019-05-01 00:00:00,Румянцева Варвара Всеволодовна,Кокоткин Аркадий Анатолиевич,1,904398,306998,33.94501093545098
week,2019-04-02,2019-04-09 00:00:00,Румянцева Варвара Всеволодовна,Кокоткин Аркадий Анатолиевич,1,904398,306998,33.94501093545098
week,2019-04-30,2019-05-07 00:00:00,Румянцева Варвара Всеволодовна,Кокоткин Аркадий Анатолиевич,1,714450,64950,9.090909090909093
month,2019-05-01,2019-06-01 00:00:00,Румянцева Варвара Всеволодовна,Кокоткин Аркадий Анатолиевич,1,714450,64950,9.090909090909093
month,2019-06-01,2019-07-01 00:00:00,Румянцева Варвара Всеволодовна,Кокоткин Аркадий Анатолиевич,1,733650,231150,31.506849315068497
week,2019-06-04,2019-06-11 00:00:00,Румянцева Варвара Всеволодовна,Кокоткин Аркадий Анатолиевич,1,733650,231150,31.506849315068497
month,2019-07-01,2019-08-01 00:00:00,Румянцева Варвара Всеволодовна,Кокоткин Аркадий Анатолиевич,4,1317920,152592,42.12958734450066
week,2019-07-09,2019-07-16 00:00:00,Румянцева Варвара Всеволодовна,Кокоткин Аркадий Анатолиевич,1,601392,152592,25.373134328358205
week,2019-07-16,2019-07-23 00:00:00,Румянцева Варвара Всеволодовна,Кокоткин Аркадий Анатолиевич,2,103761,23063,42.12958734450066
week,2019-07-30,2019-08-06 00:00:00,Румянцева Варвара Всеволодовна,Кокоткин Аркадий Анатолиевич,1,612767,6067,0.990099009900991
month,2019-08-01,2019-09-01 00:00:00,Румянцева Варвара Всеволодовна,Кокоткин Аркадий Анатолиевич,2,1567078,293076,29.5774647887324
week,2019-08-13,2019-08-20 00:00:00,Румянцева Варвара Всеволодовна,Кокоткин Аркадий Анатолиевич,1,990876,293076,29.5774647887324
week,2019-08-27,2019-09-03 00:00:00,Румянцева Варвара Всеволодовна,Кокоткин Аркадий Анатолиевич,1,576202,100002,17.355371900826444
month,2019-09-01,2019-10-01 00:00:00,Румянцева Варвара Всеволодовна,Кокоткин Аркадий Анатолиевич,3,1701614,285780,43.69388849487103
week,2019-09-17,2019-09-24 00:00:00,Румянцева Варвара Всеволодовна,Кокоткин Аркадий Анатолиевич,2,993089,285780,43.69388849487103
week,2019-09-24,2019-10-01 00:00:00,Румянцева Варвара Всеволодовна,Кокоткин Аркадий Анатолиевич,1,708525,206025,29.078014184397162
month,2019-10-01,2019-11-01 00:00:00,Румянцева Варвара Всеволодовна,Кокоткин Аркадий Анатолиевич,1,435512,4312,0.990099009900991
week,2019-10-08,2019-10-15 00:00:00,Румянцева Варвара Всеволодовна,Кокоткин Аркадий Анатолиевич,1,435512,4312,0.990099009900991
month,2019-11-01,2019-12-01 00:00:00,Румянцева Варвара Всеволодовна,Кокоткин Аркадий Анатолиевич,1,623560,99560,15.966386554621847
week,2019-11-05,2019-11-12 00:00:00,Румянцева Варвара Всеволодовна,Кокоткин Аркадий Анатолиевич,1,623560,99560,15.966386554621847
month,2019-12-01,2020-01-01 00:00:00,Румянцева Варвара Всеволодовна,Кокоткин Аркадий Анатолиевич,2,564230,89418,37.811148290214646
week,2019-12-10,2019-12-17 00:00:00,Румянцева Варвара Всеволодовна,Кокоткин Аркадий Анатолиевич,1,515218,89418,17.355371900826444
week,2019-12-17,2019-12-24 00:00:00,Румянцева Варвара Всеволодовна,Кокоткин Аркадий Анатолиевич,1,49012,18532,37.811148290214646
month,2020-01-01,2020-02-01 00:00:00,Румянцева Варвара Всеволодовна,Кокоткин Аркадий Анатолиевич,2,1414892,234900,33.333333333333336
week,2020-01-08,2020-01-15 00:00:00,Румянцева Варвара Всеволодовна,Кокоткин Аркадий Анатолиевич,1,704700,234900,33.333333333333336
week,2020-01-15,2020-01-22 00:00:00,Румянцева Варвара Всеволодовна,Кокоткин Аркадий Анатолиевич,1,710192,113392,15.966386554621847
month,2018-11-01,2018-12-01 00:00:00,Фарест Александр Вячеславович,Касатый Ника Федотовна,3,858756,267789,34.51827752133634
week,2018-11-05,2018-11-12 00:00:00,Фарест Александр Вячеславович,Касатый Ника Федотовна,2,818839,267789,34.51827752133634
week,2018-11-12,2018-11-19 00:00:00,Фарест Александр Вячеславович,Касатый Ника Федотовна,1,39917,8237,20.635318285442295
month,2018-12-01,2019-01-01 00:00:00,Фарест Александр Вячеславович,Касатый Ника Федотовна,1,583500,169500,29.048843187660665
week,2018-12-24,2018-12-31 00:00:00,Фарест Александр Вячеславович,Касатый Ника Федотовна,1,583500,169500,29.048843187660665
month,2019-01-01,2019-02-01 00:00:00,Фарест Александр Вячеславович,Касатый Ника Федотовна,3,1413347,144127,39.61367013372957
week,2019-01-15,2019-01-22 00:00:00,Фарест Александр Вячеславович,Касатый Ника Федотовна,1,668745,71345,10.668490979371803
week,2019-01-22,2019-01-29 00:00:00,Фарест Александр Вячеславович,Касатый Ника Федотовна,2,744602,144127,39.61367013372957
month,2019-02-01,2019-03-01 00:00:00,Фарест Александр Вячеславович,Касатый Ника Федотовна,1,678695,261595,38.54382307221948
week,2019-02-12,2019-02-19 00:00:00,Фарест Александр Вячеславович,Касатый Ника Федотовна,1,678695,261595,38.54382307221948
month,2019-03-01,2019-04-01 00:00:00,Фарест Александр Вячеславович,Касатый Ника Федотовна,3,872848,226859,37.811148290214646
week,2019-03-05,2019-03-12 00:00:00,Фарест Александр Вячеславович,Касатый Ника Федотовна,3,872848,226859,37.811148290214646
month,2019-04-01,2019-05-01 00:00:00,Фарест Александр Вячеславович,Касатый Ника Федотовна,1,1401180,206380,14.729014116673088
week,2019-04-16,2019-04-23 00:00:00,Фарест Александр Вячеславович,Касатый Ника Федотовна,1,1401180,206380,14.729014116673088
month,2019-05-01,2019-06-01 00:00:00,Фарест Александр Вячеславович,Касатый Ника Федотовна,1,38771,8291,21.384539991230554
week,2019-05-14,2019-05-21 00:00:00,Фарест Александр Вячеславович,Касатый Ника Федотовна,1,38771,8291,21.384539991230554
month,2019-07-01,2019-08-01 00:00:00,Фарест Александр Вячеславович,Касатый Ника Федотовна,1,630184,204384,32.432432432432435
week,2019-07-02,2019-07-09 00:00:00,Фарест Александр Вячеславович,Касатый Ника Федотовна,1,630184,204384,32.432432432432435
week,2019-07-30,2019-08-06 00:00:00,Фарест Александр Вячеславович,Касатый Ника Федотовна,1,759800,235800,31.034482758620683
month,2019-08-01,2019-09-01 00:00:00,Фарест Александр Вячеславович,Касатый Ника Федотовна,4,3640576,363720,31.97278911564626
week,2019-08-20,2019-08-27 00:00:00,Фарест Александр Вячеславович,Касатый Ника Федотовна,2,2288646,363720,31.97278911564626
week,2019-08-27,2019-09-03 00:00:00,Фарест Александр Вячеславович,Касатый Ника Федотовна,1,592130,53830,9.090909090909093
month,2019-09-01,2019-10-01 00:00:00,Фарест Александр Вячеславович,Касатый Ника Федотовна,3,1951753,208152,25.92592592592593
week,2019-09-10,2019-09-17 00:00:00,Фарест Александр Вячеславович,Касатый Ника Федотовна,1,444136,12936,2.9126213592232997
week,2019-09-24,2019-10-01 00:00:00,Фарест Александр Вячеславович,Касатый Ника Федотовна,2,1507617,208152,25.92592592592593
month,2019-10-01,2019-11-01 00:00:00,Фарест Александр Вячеславович,Касатый Ника Федотовна,2,1083548,12453,2.9126213592232997
week,2019-10-08,2019-10-15 00:00:00,Фарест Александр Вячеславович,Касатый Ника Федотовна,1,655995,6495,0.990099009900991
week,2019-10-15,2019-10-22 00:00:00,Фарест Александр Вячеславович,Касатый Ника Федотовна,1,427553,12453,2.9126213592232997
month,2019-11-01,2019-12-01 00:00:00,Фарест Александр Вячеславович,Касатый Ника Федотовна,2,636118,62616,38.7257746315423
week,2019-11-05,2019-11-12 00:00:00,Фарест Александр Вячеславович,Касатый Ника Федотовна,1,51702,20022,38.7257746315423
week,2019-11-26,2019-12-03 00:00:00,Фарест Александр Вячеславович,Касатый Ника Федотовна,1,584416,62616,10.71428571428571
month,2020-01-01,2020-02-01 00:00:00,Фарест Александр Вячеславович,Касатый Ника Федотовна,2,1281283,196443,28.57142857142857
week,2020-01-29,2020-02-05 00:00:00,Фарест Александр Вячеславович,Касатый Ника Федотовна,2,1281283,196443,28.57142857142857
month,2020-02-01,2020-03-01 00:00:00,Фарест Александр Вячеславович,Касатый Ника Федотовна,2,1508724,149385,18.699186991869922
week,2020-02-12,2020-02-19 00:00:00,Фарест Александр Вячеславович,Касатый Ника Федотовна,2,1508724,149385,18.699186991869922
week,2018-10-29,2018-11-05 00:00:00,Янушко Анастасия Антониновна,Янушко Анастасия Антониновна,1,895200,336200,37.55585344057194
month,2018-11-01,2018-12-01 00:00:00,Янушко Анастасия Антониновна,Янушко Анастасия Антониновна,1,895200,336200,37.55585344057194
month,2018-12-01,2019-01-01 00:00:00,Янушко Анастасия Антониновна,Янушко Анастасия Антониновна,6,3996254,377796,37.109513630398716
week,2018-12-03,2018-12-10 00:00:00,Янушко Анастасия Антониновна,Янушко Анастасия Антониновна,1,1169796,377796,32.29588748807485
week,2018-12-10,2018-12-17 00:00:00,Янушко Анастасия Антониновна,Янушко Анастасия Антониновна,2,1001699,163608,29.378837517085763
week,2018-12-17,2018-12-24 00:00:00,Янушко Анастасия Антониновна,Янушко Анастасия Антониновна,2,1174999,224815,37.109513630398716
week,2018-12-24,2018-12-31 00:00:00,Янушко Анастасия Антониновна,Янушко Анастасия Антониновна,1,649760,192760,29.666338340310272
month,2019-01-01,2019-02-01 00:00:00,Янушко Анастасия Антониновна,Янушко Анастасия Антониновна,3,2562741,311586,30.482923727228517
week,2019-01-01,2019-01-08 00:00:00,Янушко Анастасия Антониновна,Янушко Анастасия Антониновна,1,482830,65730,13.613487148685877
week,2019-01-08,2019-01-15 00:00:00,Янушко Анастасия Антониновна,Янушко Анастасия Антониновна,1,1411586,311586,22.073469133301128
week,2019-01-29,2019-02-05 00:00:00,Янушко Анастасия Антониновна,Янушко Анастасия Антониновна,1,668325,203725,30.482923727228517
month,2019-02-01,2019-03-01 00:00:00,Янушко Анастасия Антониновна,Янушко Анастасия Антониновна,1,688470,80470,11.688236233968075
week,2019-02-05,2019-02-12 00:00:00,Янушко Анастасия Антониновна,Янушко Анастасия Антониновна,1,688470,80470,11.688236233968075
month,2019-03-01,2019-04-01 00:00:00,Янушко Анастасия Антониновна,Янушко Анастасия Антониновна,4,2083330,233976,37.533687533687534
week,2019-03-05,2019-03-12 00:00:00,Янушко Анастасия Антониновна,Янушко Анастасия Антониновна,3,1603114,233976,37.533687533687534
week,2019-03-19,2019-03-26 00:00:00,Янушко Анастасия Антониновна,Янушко Анастасия Антониновна,1,480216,70316,14.642577506788612
month,2019-04-01,2019-05-01 00:00:00,Янушко Анастасия Антониновна,Янушко Анастасия Антониновна,1,681483,84083,12.338238811533087
week,2019-04-09,2019-04-16 00:00:00,Янушко Анастасия Антониновна,Янушко Анастасия Антониновна,1,681483,84083,12.338238811533087
month,2019-05-01,2019-06-01 00:00:00,Янушко Анастасия Антониновна,Янушко Анастасия Антониновна,2,1387512,266948,30.555555555555557
week,2019-05-07,2019-05-14 00:00:00,Янушко Анастасия Антониновна,Янушко Анастасия Антониновна,1,873648,266948,30.555555555555557
week,2019-05-14,2019-05-21 00:00:00,Янушко Анастасия Антониновна,Янушко Анастасия Антониновна,1,513864,92664,18.032786885245898
month,2019-06-01,2019-07-01 00:00:00,Янушко Анастасия Антониновна,Янушко Анастасия Антониновна,2,987834,44880,32.795343299378224
week,2019-06-04,2019-06-11 00:00:00,Янушко Анастасия Антониновна,Янушко Анастасия Антониновна,1,942480,44880,4.761904761904767
week,2019-06-25,2019-07-02 00:00:00,Янушко Анастасия Антониновна,Янушко Анастасия Антониновна,1,45354,14874,32.795343299378224
month,2019-07-01,2019-08-01 00:00:00,Янушко Анастасия Антониновна,Янушко Анастасия Антониновна,2,1295264,200004,29.5774647887324
week,2019-07-16,2019-07-23 00:00:00,Янушко Анастасия Антониновна,Янушко Анастасия Антониновна,1,676204,200004,29.5774647887324
week,2019-07-30,2019-08-06 00:00:00,Янушко Анастасия Антониновна,Янушко Анастасия Антониновна,1,619060,142860,23.076923076923073
month,2019-08-01,2019-09-01 00:00:00,Янушко Анастасия Антониновна,Янушко Анастасия Антониновна,3,2622701,177193,27.00729927007299
week,2019-08-06,2019-08-13 00:00:00,Янушко Анастасия Антониновна,Янушко Анастасия Антониновна,2,1966608,76428,10.71428571428571
week,2019-08-13,2019-08-20 00:00:00,Янушко Анастасия Антониновна,Янушко Анастасия Антониновна,1,656093,177193,27.00729927007299
month,2019-10-01,2019-11-01 00:00:00,Янушко Анастасия Антониновна,Янушко Анастасия Антониновна,3,2089980,229284,28.057553956834536
week,2019-10-15,2019-10-22 00:00:00,Янушко Анастасия Антониновна,Янушко Анастасия Антониновна,1,624428,86128,13.793103448275868
week,2019-10-22,2019-10-29 00:00:00,Янушко Анастасия Антониновна,Янушко Анастасия Антониновна,2,1465552,229284,28.057553956834536
week,2019-10-29,2019-11-05 00:00:00,Янушко Анастасия Антониновна,Янушко Анастасия Антониновна,1,1644906,478306,29.078014184397162
month,2019-11-01,2019-12-01 00:00:00,Янушко Анастасия Антониновна,Янушко Анастасия Антониновна,2,2456202,478306,30.555555555555557
week,2019-11-19,2019-11-26 00:00:00,Янушко Анастасия Антониновна,Янушко Анастасия Антониновна,1,811296,247896,30.555555555555557
month,2020-01-01,2020-02-01 00:00:00,Янушко Анастасия Антониновна,Янушко Анастасия Антониновна,2,661527,185416,30.069930069930074
week,2020-01-22,2020-01-29 00:00:00,Янушко Анастасия Антониновна,Янушко Анастасия Антониновна,2,661527,185416,30.069930069930074
month,2018-11-01,2018-12-01 00:00:00,Янчуковский Ярослав Модестович,Янушко Анастасия Антониновна,1,54559,19039,34.896167451749484
week,2018-11-26,2018-12-03 00:00:00,Янчуковский Ярослав Модестович,Янушко Анастасия Антониновна,1,54559,19039,34.896167451749484
month,2018-12-01,2019-01-01 00:00:00,Янчуковский Ярослав Модестович,Янушко Анастасия Антониновна,2,1123069,197620,34.75431747036686
week,2018-12-03,2018-12-10 00:00:00,Янчуковский Ярослав Модестович,Янушко Анастасия Антониновна,1,554449,82449,14.87043894028125
week,2018-12-10,2018-12-17 00:00:00,Янчуковский Ярослав Модестович,Янушко Анастасия Антониновна,1,568620,197620,34.75431747036686
week,2019-01-01,2019-01-08 00:00:00,Янчуковский Ярослав Модестович,Янушко Анастасия Антониновна,1,662448,94648,14.287612008791628
month,2019-01-01,2019-02-01 00:00:00,Янчуковский Ярослав Модестович,Янушко Анастасия Антониновна,3,1223452,124464,32.79592702588035
week,2019-01-08,2019-01-15 00:00:00,Янчуковский Ярослав Модестович,Янушко Анастасия Антониновна,2,561004,124464,32.79592702588035
month,2019-02-01,2019-03-01 00:00:00,Янчуковский Ярослав Модестович,Янушко Анастасия Антониновна,1,483210,119010,24.629043273111073
week,2019-02-12,2019-02-19 00:00:00,Янчуковский Ярослав Модестович,Янушко Анастасия Антониновна,1,483210,119010,24.629043273111073
month,2019-03-01,2019-04-01 00:00:00,Янчуковский Ярослав Модестович,Янушко Анастасия Антониновна,2,645864,76004,34.89519112207151
week,2019-03-05,2019-03-12 00:00:00,Янчуковский Ярослав Модестович,Янушко Анастасия Антониновна,1,597204,76004,12.726639473278812
week,2019-03-26,2019-04-02 00:00:00,Янчуковский Ярослав Модестович,Янушко Анастасия Антониновна,1,48660,16980,34.89519112207151
month,2019-04-01,2019-05-01 00:00:00,Янчуковский Ярослав Модестович,Янушко Анастасия Антониновна,3,1674988,258039,34.84946092790898
week,2019-04-02,2019-04-09 00:00:00,Янчуковский Ярослав Модестович,Янушко Анастасия Антониновна,2,1243284,258039,34.84946092790898
week,2019-04-16,2019-04-23 00:00:00,Янчуковский Ярослав Модестович,Янушко Анастасия Антониновна,1,431704,21304,4.93486277634676
month,2019-05-01,2019-06-01 00:00:00,Янчуковский Ярослав Модестович,Янушко Анастасия Антониновна,3,1985955,260900,33.333333333333336
week,2019-05-07,2019-05-14 00:00:00,Янчуковский Ярослав Модестович,Янушко Анастасия Антониновна,1,642870,166670,25.92592592592593
week,2019-05-14,2019-05-21 00:00:00,Янчуковский Ярослав Модестович,Янушко Анастасия Антониновна,2,1343085,260900,33.333333333333336
month,2019-06-01,2019-07-01 00:00:00,Янчуковский Ярослав Модестович,Янушко Анастасия Антониновна,1,896310,246810,27.536231884057973
week,2019-06-11,2019-06-18 00:00:00,Янчуковский Ярослав Модестович,Янушко Анастасия Антониновна,1,896310,246810,27.536231884057973
month,2019-08-01,2019-09-01 00:00:00,Янчуковский Ярослав Модестович,Янушко Анастасия Антониновна,2,712678,60670,26.900326653129692
week,2019-08-20,2019-08-27 00:00:00,Янчуковский Ярослав Модестович,Янушко Анастасия Антониновна,1,667370,60670,9.090909090909093
week,2019-08-27,2019-09-03 00:00:00,Янчуковский Ярослав Модестович,Янушко Анастасия Антониновна,1,45308,12188,26.900326653129692
month,2019-09-01,2019-10-01 00:00:00,Янчуковский Ярослав Модестович,Янушко Анастасия Антониновна,3,1468155,236175,36.86826843413422
week,2019-09-03,2019-09-10 00:00:00,Янчуковский Ярослав Модестович,Янушко Анастасия Антониновна,2,1419875,236175,31.97278911564626
week,2019-10-01,2019-10-08 00:00:00,Янчуковский Ярослав Модестович,Янушко Анастасия Антониновна,1,48280,17800,36.86826843413422
month,2019-11-01,2019-12-01 00:00:00,Янчуковский Ярослав Модестович,Янушко Анастасия Антониновна,2,2355523,441632,30.069930069930074
week,2019-11-12,2019-11-19 00:00:00,Янчуковский Ярослав Модестович,Янушко Анастасия Антониновна,2,2355523,441632,30.069930069930074
month,2020-01-01,2020-02-01 00:00:00,Янчуковский Ярослав Модестович,Янушко Анастасия Антониновна,3,2152635,235653,27.00729927007299
week,2020-01-08,2020-01-15 00:00:00,Янчуковский Ярослав Модестович,Янушко Анастасия Антониновна,2,1364121,235653,27.00729927007299
week,2020-01-29,2020-02-05 00:00:00,Янчуковский Ярослав Модестович,Янушко Анастасия Антониновна,1,788514,90714,11.504424778761058
month,2018-12-01,2019-01-01 00:00:00,Янькова Елизавета Антониновна,Коченкова Розалия Федоровна,1,608025,174025,28.621356029768506
week,2018-12-03,2018-12-10 00:00:00,Янькова Елизавета Антониновна,Коченкова Розалия Федоровна,1,608025,174025,28.621356029768506
month,2019-01-01,2019-02-01 00:00:00,Янькова Елизавета Антониновна,Коченкова Розалия Федоровна,1,699194,256194,36.64133273454864
week,2019-01-01,2019-01-08 00:00:00,Янькова Елизавета Антониновна,Коченкова Розалия Федоровна,1,699194,256194,36.64133273454864
month,2019-02-01,2019-03-01 00:00:00,Янькова Елизавета Антониновна,Коченкова Розалия Федоровна,1,584292,101892,17.438541003470863
week,2019-02-19,2019-02-26 00:00:00,Янькова Елизавета Антониновна,Коченкова Розалия Федоровна,1,584292,101892,17.438541003470863
month,2019-03-01,2019-04-01 00:00:00,Янькова Елизавета Антониновна,Коченкова Розалия Федоровна,3,1964416,263440,34.43480079472969
week,2019-03-19,2019-03-26 00:00:00,Янькова Елизавета Антониновна,Коченкова Розалия Федоровна,2,1304176,263440,34.43480079472969
week,2019-03-26,2019-04-02 00:00:00,Янькова Елизавета Антониновна,Коченкова Розалия Федоровна,1,660240,158640,24.027626317702655
month,2019-04-01,2019-05-01 00:00:00,Янькова Елизавета Антониновна,Коченкова Розалия Федоровна,1,581256,191856,33.00714315207068
week,2019-04-02,2019-04-09 00:00:00,Янькова Елизавета Антониновна,Коченкова Розалия Федоровна,1,581256,191856,33.00714315207068
month,2019-05-01,2019-06-01 00:00:00,Янькова Елизавета Антониновна,Коченкова Розалия Федоровна,4,3102556,394944,31.97278911564626
week,2019-05-07,2019-05-14 00:00:00,Янькова Елизавета Антониновна,Коченкова Розалия Федоровна,1,446040,74340,16.666666666666664
week,2019-05-14,2019-05-21 00:00:00,Янькова Елизавета Антониновна,Коченкова Розалия Федоровна,2,1952280,394944,31.97278911564626
week,2019-05-21,2019-05-28 00:00:00,Янькова Елизавета Антониновна,Коченкова Розалия Федоровна,1,704236,97136,13.793103448275868
month,2019-07-01,2019-08-01 00:00:00,Янькова Елизавета Антониновна,Коченкова Розалия Федоровна,1,448308,33208,7.4074074074074066
week,2019-07-09,2019-07-16 00:00:00,Янькова Елизавета Антониновна,Коченкова Розалия Федоровна,1,448308,33208,7.4074074074074066
month,2019-09-01,2019-10-01 00:00:00,Янькова Елизавета Антониновна,Коченкова Розалия Федоровна,2,694981,150750,23.076923076923073
week,2019-09-03,2019-09-10 00:00:00,Янькова Елизавета Антониновна,Коченкова Розалия Федоровна,1,653250,150750,23.076923076923073
week,2019-09-10,2019-09-17 00:00:00,Янькова Елизавета Антониновна,Коченкова Розалия Федоровна,1,41731,8611,20.634540269823397
month,2019-10-01,2019-11-01 00:00:00,Янькова Елизавета Антониновна,Коченкова Розалия Федоровна,2,650593,133336,22.838979954697123
week,2019-10-08,2019-10-15 00:00:00,Янькова Елизавета Антониновна,Коченкова Розалия Федоровна,1,609536,133336,21.875
week,2019-10-15,2019-10-22 00:00:00,Янькова Елизавета Антониновна,Коченкова Розалия Федоровна,1,41057,9377,22.838979954697123
month,2019-12-01,2020-01-01 00:00:00,Янькова Елизавета Антониновна,Коченкова Розалия Федоровна,1,698165,91065,13.043478260869568
week,2019-12-03,2019-12-10 00:00:00,Янькова Елизавета Антониновна,Коченкова Розалия Федоровна,1,698165,91065,13.043478260869568
month,2020-01-01,2020-02-01 00:00:00,Янькова Елизавета Антониновна,Коченкова Розалия Федоровна,1,82026,3906,4.761904761904767
week,2020-01-15,2020-01-22 00:00:00,Янькова Елизавета Антониновна,Коченкова Розалия Федоровна,1,82026,3906,4.761904761904767